date,product_id,quality_score,freshness_sla_pct,stakeholder_adoption,requirement_coverage_pct,incident_count,business_value_index
2026-01-01,DP001,94.3,93.1,70.9,96.5,0,104.8
2026-01-02,DP001,90.4,94.8,70.6,73.3,0,111.0
2026-01-03,DP001,91.5,91.6,63.2,82.5,0,100.0
2026-01-04,DP001,91.5,93.1,67.1,85.6,0,111.2
2026-01-05,DP001,90.7,95.9,62.2,94.2,0,95.9
2026-01-06,DP001,96.1,94.4,62.6,83.5,0,81.5
2026-01-07,DP001,93.1,94.1,71.5,86.5,0,93.3
2026-01-08,DP001,89.2,90.3,71.6,77.8,0,85.2
2026-01-09,DP001,90.3,92.6,66.6,74.3,0,77.1
2026-01-10,DP001,88.8,93.7,63.9,83.6,0,106.4
2026-01-11,DP001,90.0,91.4,64.1,72.2,0,108.2
2026-01-12,DP001,88.6,85.1,69.0,68.4,1,77.4
2026-01-13,DP001,95.1,95.7,70.2,92.5,0,111.4
2026-01-14,DP001,92.8,96.5,62.8,82.0,0,77.8
2026-01-15,DP001,94.1,93.0,65.2,76.9,1,109.7
2026-01-16,DP001,94.0,96.9,67.9,96.9,0,76.2
2026-01-17,DP001,95.5,96.5,66.0,74.9,0,78.0
2026-01-18,DP001,96.3,92.7,65.3,73.8,0,89.4
2026-01-19,DP001,94.9,93.3,72.6,86.3,0,103.6
2026-01-20,DP001,89.5,95.8,69.0,94.5,0,98.9
2026-01-21,DP001,90.0,93.2,71.8,79.0,0,109.4
2026-01-22,DP001,89.3,90.1,65.5,85.7,0,94.1
2026-01-23,DP001,92.7,97.2,68.1,84.6,0,87.5
2026-01-24,DP001,94.4,89.5,68.4,78.1,0,75.8
2026-01-25,DP001,91.4,92.9,64.8,75.7,0,83.4
2026-01-26,DP001,92.2,94.4,67.8,95.7,0,102.4
2026-01-27,DP001,97.6,91.0,65.7,85.6,0,87.4
2026-01-28,DP001,95.3,91.5,73.3,88.2,0,107.4
2026-01-29,DP001,88.8,91.9,70.2,82.1,0,96.8
2026-01-30,DP001,94.9,90.2,67.9,76.7,0,106.3
2026-01-31,DP001,95.4,95.6,72.2,73.8,0,98.7
2026-02-01,DP001,91.9,94.0,71.3,92.3,0,76.4
2026-02-02,DP001,90.8,94.9,67.8,80.4,0,107.0
2026-02-03,DP001,95.9,90.7,65.8,72.3,0,76.8
2026-02-04,DP001,96.6,97.7,69.1,78.6,0,78.0
2026-02-05,DP001,90.1,91.3,64.8,94.5,0,106.1
2026-02-06,DP001,94.5,93.4,72.4,72.8,0,98.3
2026-02-07,DP001,95.1,89.4,64.9,79.4,0,86.7
2026-02-08,DP001,93.1,89.1,68.2,83.2,0,104.3
2026-02-09,DP001,97.7,94.1,72.5,80.7,0,103.7
2026-02-10,DP001,96.4,89.4,71.8,95.5,0,99.4
2026-02-11,DP001,92.9,92.7,71.5,93.0,0,73.7
2026-02-12,DP001,94.1,90.7,72.7,79.5,0,96.6
2026-02-13,DP001,93.7,94.4,65.9,80.2,0,102.4
2026-02-14,DP001,92.1,88.6,70.3,79.7,1,96.7
2026-02-15,DP001,89.8,90.1,74.6,88.9,0,99.5
2026-02-16,DP001,96.4,94.8,73.8,90.7,0,104.0
2026-02-17,DP001,89.7,93.1,69.3,91.9,0,99.3
2026-02-18,DP001,93.9,94.2,73.0,77.6,0,85.9
2026-02-19,DP001,90.8,97.2,71.5,92.9,0,102.3
2026-02-20,DP001,92.9,92.7,66.0,96.0,0,82.7
2026-02-21,DP001,91.1,92.0,69.8,89.7,0,93.8
2026-02-22,DP001,90.2,89.1,73.2,85.5,1,85.5
2026-02-23,DP001,95.8,92.0,71.8,79.9,0,82.3
2026-02-24,DP001,91.1,89.9,74.7,83.4,0,79.0
2026-02-25,DP001,92.7,90.3,69.6,89.5,0,76.9
2026-02-26,DP001,87.2,92.7,70.6,71.7,1,81.6
2026-02-27,DP001,92.5,96.8,70.7,76.3,0,82.7
2026-02-28,DP001,91.0,94.0,69.3,78.5,0,88.2
2026-03-01,DP001,92.8,97.3,68.3,74.6,0,86.9
2026-03-02,DP001,95.2,90.8,71.3,76.1,0,109.3
2026-03-03,DP001,97.5,96.4,73.4,92.4,0,90.9
2026-03-04,DP001,92.5,96.7,76.4,72.7,0,75.5
2026-03-05,DP001,90.2,94.6,68.0,79.2,0,104.5
2026-03-06,DP001,96.2,91.8,76.3,84.2,0,95.0
2026-03-07,DP001,97.4,97.6,70.8,76.2,0,96.4
2026-03-08,DP001,96.9,91.5,67.3,91.2,0,93.6
2026-03-09,DP001,91.7,88.8,76.4,91.7,0,76.3
2026-03-10,DP001,94.0,89.5,74.4,75.9,0,106.0
2026-03-11,DP001,93.0,96.2,71.7,77.4,0,81.8
2026-03-12,DP001,93.8,89.2,75.3,87.2,1,98.0
2026-03-13,DP001,92.4,91.4,68.8,83.2,0,98.6
2026-03-14,DP001,94.2,90.7,71.9,90.7,1,88.1
2026-03-15,DP001,94.8,97.6,70.6,77.3,0,102.0
2026-03-16,DP001,93.1,94.5,76.4,84.8,0,100.4
2026-03-17,DP001,88.6,80.4,71.7,64.8,2,98.3
2026-03-18,DP001,95.3,90.7,77.1,94.5,0,98.1
2026-03-19,DP001,91.1,97.1,75.7,72.1,0,110.1
2026-03-20,DP001,92.8,86.2,75.9,84.9,1,74.4
2026-03-21,DP001,96.3,94.1,68.1,79.5,0,104.1
2026-03-22,DP001,91.0,92.1,68.8,91.2,0,102.0
2026-03-23,DP001,94.7,97.6,77.3,84.6,0,87.9
2026-03-24,DP001,93.9,93.9,77.2,83.4,0,97.0
2026-03-25,DP001,96.5,89.2,70.1,77.8,0,93.3
2026-03-26,DP001,88.1,88.1,73.5,82.6,1,100.4
2026-03-27,DP001,90.2,92.3,73.5,84.9,0,90.8
2026-03-28,DP001,94.2,91.2,74.4,91.5,0,80.1
2026-03-29,DP001,96.6,95.1,78.2,92.8,0,105.7
2026-03-30,DP001,94.7,92.0,78.1,88.6,0,108.8
2026-03-31,DP001,91.5,96.8,74.8,82.2,0,89.4
2026-04-01,DP001,97.2,95.1,71.1,79.5,0,110.2
2026-04-02,DP001,97.6,94.2,75.1,80.5,0,83.4
2026-04-03,DP001,88.9,94.8,77.4,79.4,0,87.5
2026-04-04,DP001,93.5,90.7,75.0,86.3,0,88.9
2026-04-05,DP001,90.9,93.1,69.4,76.3,0,109.9
2026-04-06,DP001,90.7,92.5,76.2,89.0,0,75.4
2026-04-07,DP001,89.9,88.9,71.3,93.8,0,89.2
2026-04-08,DP001,95.1,91.0,70.0,92.9,0,87.5
2026-04-09,DP001,90.6,89.0,71.0,82.5,0,75.1
2026-04-10,DP001,89.3,92.5,71.0,94.5,0,110.9
2026-04-11,DP001,88.7,88.7,75.9,68.6,1,108.5
2026-04-12,DP001,94.8,90.3,74.5,73.5,0,91.4
2026-04-13,DP001,91.0,84.5,75.8,90.7,1,95.9
2026-04-14,DP001,93.9,96.2,77.0,96.2,0,110.0
2026-04-15,DP001,94.1,96.4,74.0,73.7,0,75.2
2026-04-16,DP001,94.9,90.5,78.6,84.2,0,97.7
2026-04-17,DP001,93.8,90.6,74.4,75.4,0,90.8
2026-04-18,DP001,93.2,89.6,74.0,89.9,0,97.0
2026-04-19,DP001,95.7,90.5,71.6,84.9,0,106.5
2026-04-20,DP001,90.2,95.9,73.9,91.4,0,85.0
2026-04-21,DP001,91.2,90.0,76.0,75.5,1,80.1
2026-04-22,DP001,95.1,89.1,76.1,85.0,0,83.9
2026-04-23,DP001,97.2,92.4,71.0,92.1,0,107.1
2026-04-24,DP001,89.1,93.7,74.2,95.8,0,98.4
2026-04-25,DP001,89.3,96.5,77.8,85.1,0,90.0
2026-04-26,DP001,87.9,88.6,76.0,85.6,1,104.5
2026-04-27,DP001,91.5,91.4,72.3,90.6,0,92.7
2026-04-28,DP001,90.8,91.6,79.6,95.5,0,76.3
2026-04-29,DP001,90.2,92.5,77.7,77.0,0,111.8
2026-04-30,DP001,92.2,96.3,71.0,84.3,0,108.0
2026-01-01,DP002,92.8,98.8,79.9,80.0,0,72.0
2026-01-02,DP002,91.9,98.8,82.3,91.7,0,73.5
2026-01-03,DP002,93.1,96.6,79.0,78.8,0,103.2
2026-01-04,DP002,93.1,93.8,82.3,86.4,0,75.9
2026-01-05,DP002,97.6,98.0,86.0,73.5,0,96.8
2026-01-06,DP002,95.2,97.6,80.1,86.2,0,82.8
2026-01-07,DP002,97.3,92.2,83.1,83.2,0,81.1
2026-01-08,DP002,96.8,94.7,86.0,95.2,0,77.7
2026-01-09,DP002,91.6,100,86.3,79.6,0,70.8
2026-01-10,DP002,96.6,97.6,86.7,93.4,0,77.6
2026-01-11,DP002,96.4,97.0,82.4,92.9,0,100.3
2026-01-12,DP002,95.1,96.4,82.1,72.6,0,81.3
2026-01-13,DP002,88.8,93.6,82.5,74.2,1,84.3
2026-01-14,DP002,94.4,92.9,78.6,73.3,0,108.4
2026-01-15,DP002,90.0,98.8,78.9,96.4,0,80.3
2026-01-16,DP002,91.9,100,80.9,84.1,0,73.8
2026-01-17,DP002,92.3,95.6,81.3,74.6,0,71.4
2026-01-18,DP002,94.8,96.5,86.5,75.4,0,87.4
2026-01-19,DP002,89.3,97.8,83.5,77.7,0,91.8
2026-01-20,DP002,95.1,95.0,86.1,93.9,0,88.5
2026-01-21,DP002,96.5,93.3,78.7,89.2,0,71.9
2026-01-22,DP002,93.6,98.2,87.1,78.8,0,106.2
2026-01-23,DP002,93.2,93.8,81.2,79.9,0,86.6
2026-01-24,DP002,97.0,96.6,80.7,87.0,0,86.9
2026-01-25,DP002,94.7,92.7,87.8,91.5,0,90.2
2026-01-26,DP002,91.1,92.3,86.9,96.4,0,90.2
2026-01-27,DP002,98.0,95.4,79.0,94.8,0,108.2
2026-01-28,DP002,94.9,99.2,79.3,88.0,0,106.5
2026-01-29,DP002,93.4,91.7,85.0,83.7,1,88.6
2026-01-30,DP002,93.0,99.0,82.2,88.6,0,70.1
2026-01-31,DP002,90.4,95.1,86.4,94.5,0,92.7
2026-02-01,DP002,94.7,92.3,86.1,83.1,0,81.2
2026-02-02,DP002,91.1,99.3,80.5,86.0,0,88.6
2026-02-03,DP002,92.8,95.3,82.1,82.6,0,76.4
2026-02-04,DP002,88.6,92.2,81.7,90.8,1,74.2
2026-02-05,DP002,89.9,93.4,83.8,81.4,0,99.8
2026-02-06,DP002,86.3,95.6,86.6,83.3,1,95.6
2026-02-07,DP002,89.9,98.9,82.9,87.8,0,78.5
2026-02-08,DP002,93.4,99.2,84.8,85.2,0,90.9
2026-02-09,DP002,91.1,99.3,81.4,94.6,0,78.6
2026-02-10,DP002,94.9,97.8,85.5,88.8,0,71.5
2026-02-11,DP002,93.9,93.2,83.3,83.7,0,104.1
2026-02-12,DP002,95.9,99.0,88.1,88.0,0,79.5
2026-02-13,DP002,97.8,100,84.9,93.8,0,79.5
2026-02-14,DP002,91.6,93.2,81.2,93.9,0,88.1
2026-02-15,DP002,92.0,94.6,88.7,82.3,0,96.0
2026-02-16,DP002,93.0,98.5,89.7,91.0,0,83.8
2026-02-17,DP002,89.4,98.2,87.0,94.0,0,98.3
2026-02-18,DP002,89.3,93.5,84.4,85.8,0,100.8
2026-02-19,DP002,94.4,93.6,88.9,91.6,0,76.6
2026-02-20,DP002,92.2,98.7,85.3,79.8,0,90.2
2026-02-21,DP002,89.9,94.1,86.2,85.7,0,89.3
2026-02-22,DP002,91.6,95.6,89.6,88.5,0,105.4
2026-02-23,DP002,98.1,96.4,82.6,82.9,0,77.1
2026-02-24,DP002,90.3,93.0,87.7,73.5,0,70.7
2026-02-25,DP002,97.1,97.9,88.0,90.3,0,81.9
2026-02-26,DP002,94.5,97.5,82.9,94.8,0,100.1
2026-02-27,DP002,93.3,95.6,85.0,81.5,0,71.8
2026-02-28,DP002,94.4,99.5,86.8,74.2,0,99.9
2026-03-01,DP002,96.1,92.6,85.3,76.3,0,87.9
2026-03-02,DP002,95.5,98.3,84.3,73.9,0,71.7
2026-03-03,DP002,95.1,100,86.7,80.9,0,105.1
2026-03-04,DP002,91.1,94.7,81.9,92.5,0,76.2
2026-03-05,DP002,92.1,93.9,87.1,88.5,0,72.6
2026-03-06,DP002,91.1,95.1,91.8,96.7,0,78.5
2026-03-07,DP002,92.1,96.3,89.4,80.7,0,102.2
2026-03-08,DP002,93.8,92.8,82.2,78.2,0,80.4
2026-03-09,DP002,90.1,92.7,83.7,77.1,0,72.2
2026-03-10,DP002,96.4,94.9,82.5,90.9,0,103.5
2026-03-11,DP002,89.2,94.0,87.5,72.0,0,83.5
2026-03-12,DP002,93.4,95.4,83.2,85.7,0,78.9
2026-03-13,DP002,90.9,99.0,88.6,91.4,0,95.1
2026-03-14,DP002,93.4,98.7,88.7,93.6,0,91.0
2026-03-15,DP002,95.4,100,85.8,78.3,0,106.1
2026-03-16,DP002,96.8,93.2,91.3,88.6,0,94.3
2026-03-17,DP002,94.1,93.6,90.3,72.4,0,88.9
2026-03-18,DP002,95.2,97.5,88.9,72.3,0,91.9
2026-03-19,DP002,97.2,92.4,90.7,96.4,0,71.6
2026-03-20,DP002,89.9,93.3,92.4,86.6,0,97.1
2026-03-21,DP002,90.3,98.9,85.5,92.2,0,102.1
2026-03-22,DP002,96.8,95.1,93.1,79.1,0,85.7
2026-03-23,DP002,90.3,94.5,88.1,88.8,0,73.3
2026-03-24,DP002,92.6,95.7,88.8,73.0,0,108.5
2026-03-25,DP002,95.2,92.8,92.1,89.7,0,97.8
2026-03-26,DP002,90.6,93.2,91.0,90.7,0,104.0
2026-03-27,DP002,97.5,93.7,92.0,82.7,0,96.4
2026-03-28,DP002,94.1,92.0,89.9,83.3,0,107.0
2026-03-29,DP002,90.6,98.7,85.1,85.6,0,102.8
2026-03-30,DP002,91.3,99.2,91.1,96.9,0,72.5
2026-03-31,DP002,86.4,88.4,84.3,77.0,1,78.6
2026-04-01,DP002,90.3,99.6,91.5,85.4,0,92.2
2026-04-02,DP002,91.8,100.0,88.8,84.1,0,74.6
2026-04-03,DP002,95.4,99.1,86.5,83.2,0,97.4
2026-04-04,DP002,89.3,98.5,92.4,72.1,0,105.8
2026-04-05,DP002,95.9,93.1,87.7,88.1,0,86.9
2026-04-06,DP002,93.5,92.9,87.8,74.9,0,86.9
2026-04-07,DP002,92.8,100,85.0,75.7,0,93.9
2026-04-08,DP002,89.6,96.7,86.5,81.5,0,103.3
2026-04-09,DP002,95.0,97.1,89.9,95.1,0,76.9
2026-04-10,DP002,89.6,98.4,88.7,82.2,0,102.8
2026-04-11,DP002,95.2,92.1,92.3,76.1,0,79.9
2026-04-12,DP002,90.6,96.8,89.5,85.9,0,76.8
2026-04-13,DP002,97.2,99.1,87.0,77.4,0,88.5
2026-04-14,DP002,97.3,98.5,94.6,95.5,0,72.1
2026-04-15,DP002,91.4,98.6,86.3,90.4,0,84.8
2026-04-16,DP002,93.6,97.3,92.3,79.7,0,82.8
2026-04-17,DP002,92.7,98.5,92.2,76.6,0,98.0
2026-04-18,DP002,91.0,98.3,85.6,92.8,0,107.5
2026-04-19,DP002,97.0,98.4,92.4,87.1,0,92.3
2026-04-20,DP002,89.2,96.8,86.7,94.5,0,99.0
2026-04-21,DP002,89.4,93.4,95.6,77.9,0,87.5
2026-04-22,DP002,93.8,92.2,94.2,73.6,0,79.7
2026-04-23,DP002,92.3,92.7,87.0,77.8,0,82.0
2026-04-24,DP002,93.4,96.8,89.8,92.1,0,77.2
2026-04-25,DP002,95.0,99.4,86.3,95.7,0,89.3
2026-04-26,DP002,92.0,97.7,95.2,93.6,0,81.5
2026-04-27,DP002,90.1,88.1,93.5,87.5,1,81.6
2026-04-28,DP002,94.0,91.9,89.1,86.3,0,97.7
2026-04-29,DP002,91.1,92.9,96.2,78.6,0,78.6
2026-04-30,DP002,93.2,88.7,95.9,77.7,1,81.1
2026-01-01,DP003,80.8,91.5,71.0,82.1,0,86.8
2026-01-02,DP003,80.3,89.1,72.6,85.1,0,101.5
2026-01-03,DP003,79.3,95.3,71.6,93.7,0,105.0
2026-01-04,DP003,79.7,94.9,68.6,78.8,0,100.2
2026-01-05,DP003,75.8,89.4,73.6,73.0,1,97.6
2026-01-06,DP003,79.9,90.3,74.5,91.9,0,106.1
2026-01-07,DP003,85.0,90.5,73.3,94.1,0,79.0
2026-01-08,DP003,84.1,95.5,71.9,77.1,0,110.5
2026-01-09,DP003,85.9,91.6,72.8,92.5,0,101.0
2026-01-10,DP003,85.9,94.3,70.0,77.4,0,75.1
2026-01-11,DP003,86.7,93.4,75.1,94.5,0,74.6
2026-01-12,DP003,80.4,96.8,72.7,90.9,0,77.8
2026-01-13,DP003,84.0,96.6,75.5,84.4,0,77.0
2026-01-14,DP003,86.3,92.1,73.6,85.8,0,94.7
2026-01-15,DP003,82.2,91.9,70.1,95.8,0,111.7
2026-01-16,DP003,86.4,90.5,73.4,80.4,0,76.9
2026-01-17,DP003,79.5,96.8,70.6,90.4,0,73.1
2026-01-18,DP003,83.9,92.7,75.0,78.1,0,74.3
2026-01-19,DP003,78.6,89.8,74.5,73.8,0,94.6
2026-01-20,DP003,83.3,95.5,78.7,82.8,0,82.8
2026-01-21,DP003,83.4,89.4,77.0,80.5,0,88.4
2026-01-22,DP003,81.4,94.1,77.3,93.8,0,87.3
2026-01-23,DP003,83.9,91.8,71.3,82.9,0,83.5
2026-01-24,DP003,82.4,97.7,77.6,77.5,0,77.7
2026-01-25,DP003,83.0,89.2,74.9,87.8,0,98.0
2026-01-26,DP003,79.5,97.6,78.8,89.1,0,95.8
2026-01-27,DP003,84.9,89.5,74.5,80.5,0,96.1
2026-01-28,DP003,81.4,92.3,77.4,81.6,0,104.5
2026-01-29,DP003,80.9,95.3,72.6,77.4,0,81.0
2026-01-30,DP003,81.3,94.8,73.8,90.4,0,76.1
2026-01-31,DP003,83.3,94.3,74.8,94.3,0,95.4
2026-02-01,DP003,86.4,89.4,73.0,89.2,0,94.1
2026-02-02,DP003,78.4,95.6,76.5,84.9,0,111.3
2026-02-03,DP003,82.3,87.7,70.8,73.3,1,74.7
2026-02-04,DP003,79.8,95.6,74.1,75.4,0,102.4
2026-02-05,DP003,79.0,90.0,78.8,74.1,0,81.7
2026-02-06,DP003,84.6,98.0,75.6,84.2,0,109.7
2026-02-07,DP003,81.2,94.3,76.6,94.1,0,93.4
2026-02-08,DP003,81.1,92.2,72.2,75.7,0,106.2
2026-02-09,DP003,85.5,90.4,72.8,79.2,0,83.6
2026-02-10,DP003,78.5,92.5,75.9,87.3,1,110.1
2026-02-11,DP003,80.1,92.1,72.1,73.0,0,73.5
2026-02-12,DP003,78.9,89.3,76.6,83.0,0,101.2
2026-02-13,DP003,78.1,95.8,75.7,86.5,0,86.1
2026-02-14,DP003,84.4,93.2,76.4,91.6,0,82.7
2026-02-15,DP003,78.5,89.3,75.9,91.0,0,110.4
2026-02-16,DP003,83.8,93.4,71.9,75.4,1,97.9
2026-02-17,DP003,80.3,91.7,77.5,81.2,0,95.7
2026-02-18,DP003,83.0,89.3,74.8,82.7,0,78.9
2026-02-19,DP003,86.8,95.6,76.2,79.9,0,88.6
2026-02-20,DP003,81.6,93.2,72.9,74.7,0,79.2
2026-02-21,DP003,80.5,96.4,75.7,73.2,0,97.2
2026-02-22,DP003,85.0,92.4,75.3,84.2,0,111.6
2026-02-23,DP003,77.0,84.6,72.2,70.0,1,81.6
2026-02-24,DP003,85.4,89.8,81.4,96.5,0,100.0
2026-02-25,DP003,84.3,97.7,76.3,88.6,0,108.2
2026-02-26,DP003,82.8,94.4,75.0,94.8,0,97.4
2026-02-27,DP003,83.0,97.5,79.0,96.2,0,84.9
2026-02-28,DP003,78.2,92.8,73.1,76.3,0,94.2
2026-03-01,DP003,82.2,98.0,79.4,82.0,0,99.5
2026-03-02,DP003,78.2,93.9,77.4,88.0,0,101.4
2026-03-03,DP003,86.1,94.9,79.0,85.8,0,77.7
2026-03-04,DP003,75.0,89.2,80.2,80.5,1,96.1
2026-03-05,DP003,80.6,96.5,79.8,90.1,0,99.0
2026-03-06,DP003,80.2,90.9,81.1,77.6,0,102.4
2026-03-07,DP003,80.6,93.2,74.8,89.3,0,105.7
2026-03-08,DP003,78.3,91.7,73.1,75.6,0,105.8
2026-03-09,DP003,83.1,95.2,73.2,90.2,0,86.7
2026-03-10,DP003,77.8,86.7,81.2,79.4,1,86.3
2026-03-11,DP003,81.0,95.3,75.3,87.7,0,96.6
2026-03-12,DP003,76.1,91.0,77.8,90.0,1,105.0
2026-03-13,DP003,85.7,90.4,78.5,79.3,0,110.4
2026-03-14,DP003,79.6,91.4,75.8,85.5,0,111.8
2026-03-15,DP003,81.8,89.8,76.5,93.3,0,103.2
2026-03-16,DP003,78.4,91.1,74.2,77.0,0,96.7
2026-03-17,DP003,84.3,97.3,76.2,72.1,0,106.6
2026-03-18,DP003,84.9,93.7,77.9,93.4,0,73.8
2026-03-19,DP003,79.1,94.0,79.6,87.1,0,94.6
2026-03-20,DP003,80.1,91.5,73.6,90.9,0,111.6
2026-03-21,DP003,84.6,95.7,82.6,92.5,0,94.3
2026-03-22,DP003,79.9,93.2,82.8,75.9,0,75.8
2026-03-23,DP003,84.5,93.0,79.0,90.7,0,102.7
2026-03-24,DP003,80.1,96.8,77.5,83.6,0,87.2
2026-03-25,DP003,82.1,91.8,75.5,81.3,1,99.6
2026-03-26,DP003,80.6,91.8,82.9,73.8,0,75.6
2026-03-27,DP003,81.8,91.5,82.3,76.1,1,79.7
2026-03-28,DP003,85.2,96.9,77.3,74.2,0,89.4
2026-03-29,DP003,83.2,90.1,79.3,88.3,0,81.9
2026-03-30,DP003,84.3,89.7,82.1,96.5,0,91.7
2026-03-31,DP003,75.4,86.3,78.4,73.4,1,101.8
2026-04-01,DP003,79.2,95.4,82.5,84.9,0,96.2
2026-04-02,DP003,80.8,97.6,76.7,88.0,0,92.7
2026-04-03,DP003,80.3,94.9,75.6,79.5,0,78.8
2026-04-04,DP003,81.7,90.7,83.2,94.9,0,75.9
2026-04-05,DP003,83.2,92.3,82.6,76.5,0,85.0
2026-04-06,DP003,79.8,91.2,75.9,91.1,1,74.6
2026-04-07,DP003,79.5,97.5,82.8,93.2,0,104.5
2026-04-08,DP003,79.8,94.3,82.6,82.0,0,75.5
2026-04-09,DP003,82.2,93.8,81.8,74.6,0,93.4
2026-04-10,DP003,80.2,87.1,81.8,92.0,1,103.9
2026-04-11,DP003,78.1,86.4,76.3,74.3,2,97.1
2026-04-12,DP003,79.6,91.5,81.4,89.5,0,96.7
2026-04-13,DP003,83.4,95.9,84.6,89.4,0,77.4
2026-04-14,DP003,79.3,94.0,81.1,79.2,0,73.2
2026-04-15,DP003,78.8,91.0,77.3,87.6,0,101.9
2026-04-16,DP003,86.3,93.3,82.6,87.0,0,80.6
2026-04-17,DP003,82.8,92.7,76.8,79.2,0,102.8
2026-04-18,DP003,86.1,93.1,81.9,81.9,0,99.0
2026-04-19,DP003,86.0,95.8,79.6,88.7,0,92.6
2026-04-20,DP003,82.1,91.1,77.3,95.3,0,74.9
2026-04-21,DP003,80.9,89.5,80.5,86.8,0,84.3
2026-04-22,DP003,82.0,85.9,78.0,92.5,1,76.7
2026-04-23,DP003,79.2,93.4,79.3,76.2,0,104.9
2026-04-24,DP003,86.2,93.9,84.8,91.5,0,80.9
2026-04-25,DP003,79.2,96.5,76.8,79.2,0,91.0
2026-04-26,DP003,83.4,92.5,85.9,81.1,0,73.6
2026-04-27,DP003,79.7,90.0,85.2,72.1,0,78.4
2026-04-28,DP003,81.5,97.2,77.6,81.2,0,100.3
2026-04-29,DP003,85.7,89.7,82.0,74.2,0,110.5
2026-04-30,DP003,82.6,93.7,78.6,77.5,0,74.8
2026-01-01,DP004,79.6,92.9,67.3,90.7,0,79.9
2026-01-02,DP004,84.5,94.1,71.5,74.1,0,78.8
2026-01-03,DP004,85.7,91.2,74.4,96.0,0,98.5
2026-01-04,DP004,80.6,92.2,72.0,75.2,0,97.9
2026-01-05,DP004,80.6,90.1,76.3,90.3,0,90.2
2026-01-06,DP004,85.5,94.0,73.7,81.8,0,79.7
2026-01-07,DP004,82.2,83.1,74.7,70.0,1,102.8
2026-01-08,DP004,79.8,90.1,73.2,87.1,0,88.9
2026-01-09,DP004,81.7,93.9,68.9,94.2,0,97.3
2026-01-10,DP004,78.4,91.7,69.9,72.4,0,96.8
2026-01-11,DP004,83.7,88.2,73.1,90.4,0,72.4
2026-01-12,DP004,81.5,92.6,73.2,79.3,0,83.9
2026-01-13,DP004,85.0,93.3,71.2,91.1,0,73.6
2026-01-14,DP004,84.9,88.5,76.5,84.1,0,91.5
2026-01-15,DP004,80.4,86.4,67.9,79.3,1,76.6
2026-01-16,DP004,79.3,89.2,72.1,94.4,0,105.9
2026-01-17,DP004,79.6,94.6,73.8,95.5,0,89.8
2026-01-18,DP004,79.5,88.7,75.4,89.3,0,96.8
2026-01-19,DP004,78.5,91.0,70.0,95.9,0,101.4
2026-01-20,DP004,77.8,91.5,71.2,83.9,0,82.5
2026-01-21,DP004,78.8,93.4,76.3,74.8,0,91.3
2026-01-22,DP004,79.2,90.5,76.7,72.8,0,84.9
2026-01-23,DP004,77.7,95.8,74.3,92.7,0,99.6
2026-01-24,DP004,75.1,85.1,68.9,87.9,1,98.1
2026-01-25,DP004,82.4,92.1,74.4,75.7,0,89.8
2026-01-26,DP004,86.3,90.3,77.8,74.6,0,97.2
2026-01-27,DP004,77.7,93.1,76.9,75.7,0,94.7
2026-01-28,DP004,80.7,95.1,78.5,76.1,0,100.9
2026-01-29,DP004,82.1,92.5,77.0,74.4,0,86.3
2026-01-30,DP004,78.9,90.3,75.5,82.7,0,103.2
2026-01-31,DP004,85.2,88.5,76.0,92.6,0,79.8
2026-02-01,DP004,82.3,86.4,70.6,78.3,1,87.7
2026-02-02,DP004,80.5,87.6,74.3,91.6,0,84.5
2026-02-03,DP004,77.7,89.8,79.4,73.3,0,95.9
2026-02-04,DP004,78.7,87.7,77.6,83.7,0,105.7
2026-02-05,DP004,79.3,90.1,72.4,77.0,0,79.6
2026-02-06,DP004,80.0,95.1,72.7,83.7,0,85.4
2026-02-07,DP004,85.1,92.1,69.8,79.1,0,72.7
2026-02-08,DP004,79.4,89.6,75.2,83.2,0,98.8
2026-02-09,DP004,84.8,93.8,77.5,86.7,0,85.2
2026-02-10,DP004,83.0,91.9,79.7,73.4,0,90.8
2026-02-11,DP004,81.4,95.5,76.7,84.3,0,76.2
2026-02-12,DP004,79.5,92.4,78.1,85.2,0,105.1
2026-02-13,DP004,78.1,89.8,71.0,81.9,0,105.8
2026-02-14,DP004,77.8,95.1,72.9,92.0,0,98.6
2026-02-15,DP004,86.0,93.5,79.9,82.6,0,91.0
2026-02-16,DP004,82.1,95.5,77.8,95.7,0,80.6
2026-02-17,DP004,79.4,87.8,73.3,81.8,0,98.4
2026-02-18,DP004,81.9,93.5,76.4,75.2,0,100.8
2026-02-19,DP004,80.2,94.8,75.4,96.2,0,104.9
2026-02-20,DP004,83.8,95.4,79.2,84.8,0,95.6
2026-02-21,DP004,85.4,91.5,78.6,78.7,0,73.9
2026-02-22,DP004,86.0,94.2,74.5,85.7,0,97.6
2026-02-23,DP004,78.9,88.3,71.7,83.9,0,105.6
2026-02-24,DP004,82.4,89.6,71.8,73.4,1,72.1
2026-02-25,DP004,78.7,91.2,79.5,91.4,0,83.8
2026-02-26,DP004,82.8,90.8,75.7,85.3,0,85.3
2026-02-27,DP004,78.7,93.7,72.6,74.8,0,89.6
2026-02-28,DP004,82.8,93.7,73.6,87.9,0,80.5
2026-03-01,DP004,85.0,94.2,75.5,94.0,0,98.6
2026-03-02,DP004,77.8,88.8,74.3,92.2,0,103.2
2026-03-03,DP004,78.7,91.8,81.5,74.9,0,92.3
2026-03-04,DP004,86.2,94.3,79.0,83.8,0,68.9
2026-03-05,DP004,86.3,89.5,72.2,92.9,0,71.0
2026-03-06,DP004,81.8,90.6,76.2,88.6,0,69.2
2026-03-07,DP004,85.0,88.2,74.3,75.6,0,91.1
2026-03-08,DP004,81.1,89.8,76.9,80.0,0,102.8
2026-03-09,DP004,77.9,91.4,81.2,92.1,0,98.6
2026-03-10,DP004,80.2,91.2,74.1,93.0,0,98.1
2026-03-11,DP004,85.3,92.8,78.9,83.5,0,100.7
2026-03-12,DP004,82.1,91.3,73.7,93.5,0,84.3
2026-03-13,DP004,82.1,88.8,78.2,74.2,0,68.8
2026-03-14,DP004,84.7,94.5,77.8,74.1,0,89.4
2026-03-15,DP004,78.0,94.7,81.9,84.5,0,74.5
2026-03-16,DP004,80.4,89.2,80.0,79.4,1,90.1
2026-03-17,DP004,79.0,91.5,73.2,86.5,0,75.1
2026-03-18,DP004,83.6,87.8,79.1,91.7,0,103.5
2026-03-19,DP004,79.4,88.9,79.0,84.2,0,93.7
2026-03-20,DP004,83.9,91.3,76.3,93.8,0,95.5
2026-03-21,DP004,79.5,90.8,79.3,77.6,0,70.6
2026-03-22,DP004,79.3,95.5,74.7,94.4,0,83.2
2026-03-23,DP004,79.3,89.2,78.2,84.5,0,98.8
2026-03-24,DP004,81.0,92.7,75.2,82.6,0,85.0
2026-03-25,DP004,79.2,89.4,75.1,83.7,1,72.1
2026-03-26,DP004,81.5,94.4,74.9,79.0,0,105.5
2026-03-27,DP004,84.3,89.5,81.6,79.8,0,68.0
2026-03-28,DP004,80.9,92.4,76.7,85.7,0,95.5
2026-03-29,DP004,76.5,87.2,79.2,90.1,1,92.7
2026-03-30,DP004,83.1,91.8,79.9,80.8,0,103.1
2026-03-31,DP004,82.2,92.3,79.1,96.3,0,74.8
2026-04-01,DP004,82.8,90.7,75.5,75.9,0,91.7
2026-04-02,DP004,82.3,95.8,74.6,89.5,0,84.5
2026-04-03,DP004,81.6,89.3,81.4,75.5,0,100.2
2026-04-04,DP004,78.5,91.8,83.6,92.3,0,74.6
2026-04-05,DP004,83.1,93.8,75.8,77.8,0,86.8
2026-04-06,DP004,83.9,90.1,74.9,80.8,0,88.6
2026-04-07,DP004,83.9,88.7,79.6,92.1,0,73.2
2026-04-08,DP004,82.2,90.1,81.6,82.9,0,94.3
2026-04-09,DP004,85.8,93.6,75.5,88.7,0,72.1
2026-04-10,DP004,77.9,90.3,83.2,85.4,0,74.9
2026-04-11,DP004,85.1,87.4,78.3,88.9,0,90.5
2026-04-12,DP004,75.3,87.5,76.4,71.6,1,86.1
2026-04-13,DP004,83.4,94.1,75.1,79.4,0,104.6
2026-04-14,DP004,85.1,90.4,77.0,74.4,0,101.9
2026-04-15,DP004,79.4,92.0,76.0,77.1,0,105.3
2026-04-16,DP004,81.3,95.7,80.2,74.9,0,101.9
2026-04-17,DP004,79.2,94.5,75.6,78.8,0,94.5
2026-04-18,DP004,84.1,93.8,76.5,91.7,0,77.6
2026-04-19,DP004,82.3,91.1,82.2,89.5,0,69.0
2026-04-20,DP004,84.8,92.2,75.7,73.1,0,80.9
2026-04-21,DP004,82.3,90.0,81.5,96.2,0,94.0
2026-04-22,DP004,86.3,94.8,84.5,88.4,0,98.9
2026-04-23,DP004,83.3,89.9,80.9,75.1,0,71.7
2026-04-24,DP004,81.5,91.3,84.5,83.4,0,70.4
2026-04-25,DP004,84.0,93.4,79.6,91.4,0,78.9
2026-04-26,DP004,82.4,91.1,82.1,76.6,0,95.9
2026-04-27,DP004,79.6,92.6,79.9,83.1,0,78.7
2026-04-28,DP004,80.8,88.4,78.7,90.1,0,89.0
2026-04-29,DP004,84.3,92.8,82.5,74.4,0,76.5
2026-04-30,DP004,80.7,93.9,78.8,91.0,0,91.8
2026-01-01,DP005,76.8,91.7,84.7,88.5,0,70.5
2026-01-02,DP005,83.6,90.6,81.7,89.1,0,71.6
2026-01-03,DP005,80.6,97.3,75.8,93.0,0,75.9
2026-01-04,DP005,77.7,96.7,85.8,88.7,0,103.7
2026-01-05,DP005,81.9,96.6,77.9,92.8,0,87.9
2026-01-06,DP005,81.1,91.4,86.0,96.9,0,89.9
2026-01-07,DP005,83.9,97.3,78.9,75.8,0,75.5
2026-01-08,DP005,78.3,93.1,77.3,78.9,0,99.1
2026-01-09,DP005,77.1,95.4,83.5,95.2,0,96.5
2026-01-10,DP005,79.7,90.0,85.5,88.1,0,103.2
2026-01-11,DP005,81.4,89.5,86.4,91.1,0,98.6
2026-01-12,DP005,81.7,88.0,77.1,73.0,1,100.2
2026-01-13,DP005,83.9,92.4,86.0,95.5,0,98.2
2026-01-14,DP005,82.1,90.0,82.8,79.4,0,77.2
2026-01-15,DP005,79.4,89.4,84.9,93.5,0,94.0
2026-01-16,DP005,82.1,92.7,78.4,82.6,1,95.9
2026-01-17,DP005,76.6,90.2,84.7,81.4,0,106.6
2026-01-18,DP005,81.3,89.3,85.8,86.9,0,97.7
2026-01-19,DP005,79.2,89.2,77.7,87.8,0,83.5
2026-01-20,DP005,85.2,97.2,84.6,95.8,0,90.6
2026-01-21,DP005,82.8,97.8,84.9,94.6,0,95.8
2026-01-22,DP005,84.6,90.0,86.6,74.5,0,83.4
2026-01-23,DP005,77.9,93.6,83.8,95.8,0,78.8
2026-01-24,DP005,84.0,95.4,78.0,86.9,0,102.6
2026-01-25,DP005,80.2,88.1,81.1,78.7,1,94.7
2026-01-26,DP005,78.8,89.4,77.9,88.1,0,108.5
2026-01-27,DP005,79.7,94.4,82.5,75.4,0,99.3
2026-01-28,DP005,76.5,90.2,83.7,94.1,0,103.5
2026-01-29,DP005,77.0,96.3,87.6,88.7,0,85.6
2026-01-30,DP005,83.1,90.6,81.7,80.7,0,82.6
2026-01-31,DP005,79.1,96.9,79.9,90.7,0,70.1
2026-02-01,DP005,84.4,90.6,81.3,92.0,0,105.4
2026-02-02,DP005,82.3,95.0,87.5,93.0,0,106.2
2026-02-03,DP005,82.9,89.1,80.2,88.8,0,97.1
2026-02-04,DP005,73.8,88.0,79.4,70.8,1,71.4
2026-02-05,DP005,83.9,90.6,83.5,86.0,0,104.8
2026-02-06,DP005,82.1,94.3,82.9,85.6,0,75.1
2026-02-07,DP005,84.5,91.6,82.7,73.8,0,92.1
2026-02-08,DP005,77.9,97.3,85.4,84.0,0,83.9
2026-02-09,DP005,80.6,91.2,84.3,81.5,1,100.9
2026-02-10,DP005,83.4,94.4,85.8,89.0,0,86.9
2026-02-11,DP005,78.7,94.7,82.9,96.4,0,107.1
2026-02-12,DP005,83.8,97.4,80.4,83.7,0,99.1
2026-02-13,DP005,83.1,91.6,80.6,85.5,0,93.7
2026-02-14,DP005,73.7,87.4,82.7,90.6,1,89.4
2026-02-15,DP005,77.7,88.1,84.7,68.4,1,107.6
2026-02-16,DP005,78.6,88.6,82.7,78.6,1,82.2
2026-02-17,DP005,82.7,94.5,79.5,88.5,0,75.9
2026-02-18,DP005,83.8,92.4,86.4,72.4,0,74.9
2026-02-19,DP005,83.9,90.8,80.9,79.6,0,76.6
2026-02-20,DP005,82.5,92.3,86.7,83.2,0,74.4
2026-02-21,DP005,84.0,93.8,85.7,90.5,0,105.5
2026-02-22,DP005,80.3,92.4,87.6,90.4,0,72.0
2026-02-23,DP005,78.4,97.2,81.4,95.2,0,71.6
2026-02-24,DP005,84.5,89.6,81.5,93.1,0,72.8
2026-02-25,DP005,79.4,97.3,86.0,74.2,0,77.3
2026-02-26,DP005,77.4,93.3,85.8,94.4,0,105.0
2026-02-27,DP005,78.9,89.8,86.4,78.6,0,75.6
2026-02-28,DP005,80.2,89.4,83.3,69.3,1,79.4
2026-03-01,DP005,80.6,94.3,82.5,78.1,0,103.8
2026-03-02,DP005,76.1,89.5,86.0,83.5,1,98.7
2026-03-03,DP005,76.9,97.5,82.1,96.0,0,99.9
2026-03-04,DP005,78.9,89.8,90.4,89.7,0,86.8
2026-03-05,DP005,77.3,93.5,82.7,96.2,0,81.4
2026-03-06,DP005,85.1,94.6,84.0,78.3,0,70.3
2026-03-07,DP005,80.9,87.6,85.3,83.1,1,105.5
2026-03-08,DP005,81.7,89.3,83.4,72.6,0,84.9
2026-03-09,DP005,84.7,90.5,81.6,81.3,0,98.6
2026-03-10,DP005,80.0,94.6,87.3,75.8,0,95.6
2026-03-11,DP005,81.4,92.1,83.9,77.4,0,108.9
2026-03-12,DP005,85.2,93.2,85.2,92.9,0,100.4
2026-03-13,DP005,80.7,96.6,82.7,80.7,0,84.3
2026-03-14,DP005,82.5,96.7,85.4,82.9,0,97.5
2026-03-15,DP005,78.5,89.3,87.6,82.0,0,86.7
2026-03-16,DP005,83.3,94.6,82.0,75.9,0,84.1
2026-03-17,DP005,80.6,95.2,83.6,93.0,0,81.0
2026-03-18,DP005,77.3,96.6,85.6,92.6,0,108.4
2026-03-19,DP005,83.8,89.2,91.3,95.0,0,105.6
2026-03-20,DP005,78.1,97.3,83.3,94.9,0,87.3
2026-03-21,DP005,80.5,89.7,87.1,78.2,0,105.1
2026-03-22,DP005,84.3,90.8,83.2,88.3,0,86.5
2026-03-23,DP005,82.4,89.7,89.9,92.1,0,74.9
2026-03-24,DP005,80.9,93.6,89.9,90.2,0,81.9
2026-03-25,DP005,78.4,94.7,86.0,73.6,0,93.9
2026-03-26,DP005,79.4,91.8,87.6,87.3,0,95.4
2026-03-27,DP005,85.1,94.5,84.0,95.2,0,85.1
2026-03-28,DP005,81.8,91.8,90.6,85.0,0,82.3
2026-03-29,DP005,78.0,91.6,85.8,95.5,0,86.6
2026-03-30,DP005,82.3,96.5,87.5,90.7,0,71.7
2026-03-31,DP005,80.1,97.7,90.1,88.7,0,86.5
2026-04-01,DP005,85.1,94.4,90.5,84.5,0,85.2
2026-04-02,DP005,81.3,90.3,83.6,91.1,0,103.7
2026-04-03,DP005,78.3,91.3,91.5,76.7,0,75.1
2026-04-04,DP005,82.6,92.5,84.5,93.5,0,83.0
2026-04-05,DP005,81.7,93.4,84.7,79.3,1,75.2
2026-04-06,DP005,77.1,97.3,89.6,86.7,0,106.6
2026-04-07,DP005,76.9,92.2,87.0,82.3,1,100.3
2026-04-08,DP005,79.7,91.9,89.7,78.6,0,103.3
2026-04-09,DP005,84.0,97.5,93.0,85.7,0,107.6
2026-04-10,DP005,80.7,92.5,90.2,94.4,0,80.7
2026-04-11,DP005,83.8,92.2,92.8,90.9,0,81.1
2026-04-12,DP005,84.6,89.2,85.6,94.6,0,95.7
2026-04-13,DP005,79.7,94.5,90.3,83.8,0,102.2
2026-04-14,DP005,77.6,86.9,90.4,71.5,1,81.8
2026-04-15,DP005,77.0,97.2,91.8,81.5,0,92.0
2026-04-16,DP005,80.6,91.7,93.4,79.6,0,90.5
2026-04-17,DP005,74.1,88.1,87.0,91.1,1,95.6
2026-04-18,DP005,84.8,91.2,86.8,88.2,0,105.5
2026-04-19,DP005,76.6,91.0,92.1,73.8,0,100.4
2026-04-20,DP005,79.7,92.1,89.3,82.7,0,91.8
2026-04-21,DP005,81.6,89.6,87.1,83.6,0,80.2
2026-04-22,DP005,81.7,95.1,86.6,78.5,0,107.1
2026-04-23,DP005,74.6,84.7,93.4,71.2,1,106.6
2026-04-24,DP005,77.9,91.5,94.6,95.2,0,95.4
2026-04-25,DP005,77.8,89.9,91.6,86.5,0,97.9
2026-04-26,DP005,83.6,89.2,90.1,80.5,0,77.5
2026-04-27,DP005,81.7,91.6,90.3,85.1,0,92.1
2026-04-28,DP005,81.1,93.1,86.7,84.9,0,83.6
2026-04-29,DP005,83.2,94.7,89.9,79.1,0,77.4
2026-04-30,DP005,79.6,92.3,90.0,96.5,0,70.4
2026-01-01,DP006,94.3,84.7,77.1,91.7,1,81.6
2026-01-02,DP006,94.6,91.3,77.5,80.2,1,91.6
2026-01-03,DP006,99.2,93.5,81.1,89.4,0,74.4
2026-01-04,DP006,92.8,88.0,83.2,78.5,0,75.8
2026-01-05,DP006,91.3,95.6,81.9,93.7,0,86.3
2026-01-06,DP006,95.1,91.3,74.5,75.9,0,109.5
2026-01-07,DP006,92.0,91.9,84.4,87.4,0,74.7
2026-01-08,DP006,92.4,92.4,78.8,76.0,0,96.7
2026-01-09,DP006,99.4,92.1,81.0,79.3,0,88.0
2026-01-10,DP006,96.1,89.7,82.2,90.5,0,94.0
2026-01-11,DP006,94.8,87.8,78.8,96.1,0,77.7
2026-01-12,DP006,97.0,91.9,82.1,83.9,0,106.9
2026-01-13,DP006,92.8,89.7,78.9,90.7,0,103.1
2026-01-14,DP006,99.0,91.7,81.1,75.6,0,79.0
2026-01-15,DP006,95.6,88.4,79.3,93.7,0,88.5
2026-01-16,DP006,89.2,90.0,81.9,88.1,1,90.9
2026-01-17,DP006,97.5,89.6,79.5,83.7,0,110.4
2026-01-18,DP006,94.1,93.6,84.5,89.2,0,104.4
2026-01-19,DP006,92.7,91.5,78.5,78.9,0,80.9
2026-01-20,DP006,93.9,92.7,76.5,82.3,0,106.0
2026-01-21,DP006,99.4,96.1,84.6,81.8,0,92.4
2026-01-22,DP006,96.7,89.3,77.9,77.9,0,84.2
2026-01-23,DP006,94.4,90.5,81.4,75.3,0,100.6
2026-01-24,DP006,97.4,93.7,76.5,89.2,0,99.4
2026-01-25,DP006,96.2,93.0,80.3,82.3,0,99.9
2026-01-26,DP006,93.0,89.1,85.6,94.5,0,83.8
2026-01-27,DP006,95.1,96.1,80.7,89.2,0,87.4
2026-01-28,DP006,93.9,91.8,80.5,91.2,0,111.8
2026-01-29,DP006,91.2,87.8,81.9,90.7,0,102.7
2026-01-30,DP006,94.7,87.6,78.4,78.5,0,103.0
2026-01-31,DP006,92.4,89.0,81.3,85.1,1,75.0
2026-02-01,DP006,92.7,89.0,78.1,87.9,0,80.5
2026-02-02,DP006,94.7,93.0,85.5,84.0,0,100.5
2026-02-03,DP006,95.5,90.2,84.2,84.2,0,99.9
2026-02-04,DP006,95.8,93.8,81.7,94.7,0,78.0
2026-02-05,DP006,99.1,95.6,84.4,90.9,0,84.4
2026-02-06,DP006,91.9,95.8,85.2,88.8,0,88.9
2026-02-07,DP006,91.6,90.6,83.8,94.3,0,104.7
2026-02-08,DP006,94.8,93.2,80.3,84.6,0,78.6
2026-02-09,DP006,91.8,89.4,85.1,88.4,0,89.2
2026-02-10,DP006,99.6,94.9,87.1,75.9,0,73.3
2026-02-11,DP006,97.3,91.6,81.9,95.2,0,73.5
2026-02-12,DP006,94.8,95.7,83.2,88.5,0,95.9
2026-02-13,DP006,93.6,87.6,78.5,85.4,0,109.9
2026-02-14,DP006,96.2,91.3,84.4,79.0,0,80.2
2026-02-15,DP006,98.1,95.5,80.1,87.7,0,89.8
2026-02-16,DP006,91.5,95.3,77.9,84.2,0,97.4
2026-02-17,DP006,91.3,88.5,82.4,81.3,0,91.6
2026-02-18,DP006,91.8,91.0,85.5,85.0,0,86.2
2026-02-19,DP006,95.0,90.1,87.3,72.4,1,79.9
2026-02-20,DP006,93.6,87.5,81.4,77.8,0,78.4
2026-02-21,DP006,94.3,88.2,87.6,91.9,0,98.1
2026-02-22,DP006,95.4,95.7,78.5,82.5,0,93.5
2026-02-23,DP006,93.2,84.6,82.0,71.4,1,103.4
2026-02-24,DP006,98.2,88.9,82.4,87.6,0,102.1
2026-02-25,DP006,94.5,95.3,87.6,88.8,0,108.5
2026-02-26,DP006,96.1,90.8,81.6,73.8,1,110.4
2026-02-27,DP006,98.8,89.8,80.1,83.2,0,83.3
2026-02-28,DP006,93.3,95.7,82.4,85.8,0,95.8
2026-03-01,DP006,97.7,94.0,80.6,83.7,0,74.0
2026-03-02,DP006,98.5,90.0,86.5,86.0,0,87.0
2026-03-03,DP006,97.5,90.2,84.7,93.1,0,101.6
2026-03-04,DP006,92.2,94.8,82.1,74.0,0,102.2
2026-03-05,DP006,96.3,95.7,82.8,75.9,0,106.4
2026-03-06,DP006,94.4,95.4,86.4,75.7,0,80.8
2026-03-07,DP006,93.1,88.2,88.1,73.7,0,107.7
2026-03-08,DP006,96.3,93.4,82.8,81.0,0,76.9
2026-03-09,DP006,99.3,89.5,86.7,80.6,0,104.6
2026-03-10,DP006,88.3,82.9,81.6,83.7,1,74.1
2026-03-11,DP006,91.5,92.9,89.0,82.2,0,77.4
2026-03-12,DP006,95.8,91.2,81.4,95.7,0,108.8
2026-03-13,DP006,97.9,91.2,87.6,85.2,0,109.1
2026-03-14,DP006,94.0,89.1,88.9,88.2,0,83.5
2026-03-15,DP006,95.8,93.4,85.9,87.8,0,105.2
2026-03-16,DP006,99.2,91.2,84.4,77.4,0,93.9
2026-03-17,DP006,95.4,90.4,87.9,86.7,0,75.9
2026-03-18,DP006,95.4,89.5,88.8,77.4,0,88.9
2026-03-19,DP006,97.0,95.6,86.0,84.3,0,111.2
2026-03-20,DP006,96.4,94.8,88.1,77.9,0,99.8
2026-03-21,DP006,95.2,96.1,82.9,93.7,0,105.4
2026-03-22,DP006,92.6,94.1,88.4,72.8,0,78.3
2026-03-23,DP006,93.9,92.9,81.5,78.4,0,96.3
2026-03-24,DP006,98.5,90.3,82.3,92.9,0,74.4
2026-03-25,DP006,92.0,92.5,84.5,89.5,0,73.7
2026-03-26,DP006,96.0,89.8,87.0,82.0,0,95.4
2026-03-27,DP006,96.5,93.5,83.1,84.5,0,89.6
2026-03-28,DP006,98.3,92.8,90.5,95.6,0,89.2
2026-03-29,DP006,92.3,87.9,89.4,78.7,0,97.8
2026-03-30,DP006,93.6,91.5,85.3,75.3,0,80.5
2026-03-31,DP006,96.1,89.2,83.9,76.5,0,88.7
2026-04-01,DP006,95.5,91.4,81.8,92.4,0,102.0
2026-04-02,DP006,94.0,87.7,82.4,88.6,0,87.8
2026-04-03,DP006,97.8,90.2,85.2,73.1,0,74.6
2026-04-04,DP006,98.8,92.5,90.9,78.7,0,93.0
2026-04-05,DP006,93.5,94.0,83.1,80.2,0,102.4
2026-04-06,DP006,98.3,89.4,87.2,76.1,0,111.5
2026-04-07,DP006,92.1,87.8,85.9,90.0,0,106.5
2026-04-08,DP006,97.8,91.3,84.8,91.4,0,82.0
2026-04-09,DP006,95.6,93.8,83.5,91.4,0,100.5
2026-04-10,DP006,95.1,92.4,85.8,85.2,0,83.0
2026-04-11,DP006,98.5,94.0,85.7,92.5,0,80.2
2026-04-12,DP006,92.6,95.0,90.0,87.6,0,105.5
2026-04-13,DP006,94.9,90.8,86.3,84.2,0,95.6
2026-04-14,DP006,90.7,95.5,91.2,73.1,0,80.7
2026-04-15,DP006,99.4,93.5,89.6,75.8,0,98.5
2026-04-16,DP006,97.3,95.1,83.5,74.6,0,76.1
2026-04-17,DP006,92.2,94.1,86.8,79.8,0,75.3
2026-04-18,DP006,99.6,89.4,84.1,90.7,0,79.8
2026-04-19,DP006,91.0,90.3,87.7,89.3,0,101.9
2026-04-20,DP006,93.3,96.1,85.1,90.3,0,81.1
2026-04-21,DP006,97.8,95.2,88.6,93.7,0,84.7
2026-04-22,DP006,98.4,92.5,83.3,93.8,0,99.6
2026-04-23,DP006,91.2,87.4,86.2,80.3,0,98.5
2026-04-24,DP006,96.4,90.3,86.0,96.5,0,77.5
2026-04-25,DP006,99.2,95.6,90.9,72.2,0,84.3
2026-04-26,DP006,97.3,88.9,89.9,85.6,0,83.0
2026-04-27,DP006,95.5,91.5,84.4,88.7,0,91.4
2026-04-28,DP006,97.3,93.6,86.5,73.9,0,85.7
2026-04-29,DP006,88.6,86.5,86.6,81.3,1,83.3
2026-04-30,DP006,95.8,94.5,88.4,74.0,0,98.8
2026-01-01,DP007,86.5,81.3,70.2,73.8,0,102.7
2026-01-02,DP007,84.0,86.8,63.5,87.5,0,107.4
2026-01-03,DP007,80.2,80.6,69.8,72.5,1,80.6
2026-01-04,DP007,81.5,86.3,69.9,74.3,0,88.5
2026-01-05,DP007,83.1,83.2,68.3,87.3,0,90.9
2026-01-06,DP007,82.1,81.9,67.4,96.6,0,97.1
2026-01-07,DP007,87.9,86.7,71.8,91.5,0,97.6
2026-01-08,DP007,84.4,82.3,63.6,88.3,0,104.9
2026-01-09,DP007,82.6,81.8,67.5,81.2,0,97.4
2026-01-10,DP007,85.2,83.9,63.8,89.6,0,88.8
2026-01-11,DP007,82.9,87.2,65.6,77.0,0,107.2
2026-01-12,DP007,87.7,87.6,67.2,94.0,0,110.3
2026-01-13,DP007,86.5,89.0,69.1,74.4,0,106.6
2026-01-14,DP007,79.0,82.4,71.3,79.6,1,80.5
2026-01-15,DP007,89.2,88.0,71.3,85.2,0,96.9
2026-01-16,DP007,87.9,85.9,69.7,79.5,0,101.7
2026-01-17,DP007,88.2,88.8,69.1,73.2,0,84.0
2026-01-18,DP007,88.6,81.6,73.4,74.1,0,78.0
2026-01-19,DP007,83.5,85.5,65.7,91.1,0,89.9
2026-01-20,DP007,82.2,89.2,69.7,82.5,0,83.8
2026-01-21,DP007,82.8,81.8,67.7,79.8,0,111.0
2026-01-22,DP007,81.3,89.3,69.2,89.8,0,103.7
2026-01-23,DP007,87.9,84.4,67.7,94.7,0,97.1
2026-01-24,DP007,87.5,87.2,69.3,96.3,0,89.9
2026-01-25,DP007,82.4,87.9,73.5,78.5,0,107.7
2026-01-26,DP007,88.5,82.7,74.0,72.2,0,111.8
2026-01-27,DP007,87.8,81.2,72.2,73.3,0,81.0
2026-01-28,DP007,88.8,85.6,64.9,77.1,0,95.4
2026-01-29,DP007,84.8,85.7,73.4,84.5,0,73.1
2026-01-30,DP007,88.9,81.2,67.0,96.0,0,111.2
2026-01-31,DP007,83.7,89.6,74.4,82.1,0,109.5
2026-02-01,DP007,84.8,81.3,70.3,92.0,0,76.0
2026-02-02,DP007,85.9,86.2,67.3,74.2,0,91.9
2026-02-03,DP007,81.2,83.7,66.9,87.4,0,99.5
2026-02-04,DP007,83.7,77.3,68.4,76.2,1,107.0
2026-02-05,DP007,86.2,81.9,74.3,94.9,0,96.2
2026-02-06,DP007,83.6,89.3,75.1,90.1,0,107.6
2026-02-07,DP007,85.7,85.3,70.0,95.7,0,81.6
2026-02-08,DP007,84.3,79.3,68.2,78.7,1,89.2
2026-02-09,DP007,82.4,81.7,74.5,73.8,1,103.4
2026-02-10,DP007,83.9,89.4,69.5,79.6,0,88.0
2026-02-11,DP007,83.7,82.9,69.6,94.0,0,104.3
2026-02-12,DP007,85.6,88.7,70.7,93.4,0,103.8
2026-02-13,DP007,82.2,81.3,73.7,83.8,0,80.2
2026-02-14,DP007,83.6,81.3,68.7,76.6,0,91.8
2026-02-15,DP007,87.6,82.0,75.8,81.2,0,95.1
2026-02-16,DP007,86.6,82.4,71.8,86.6,1,87.4
2026-02-17,DP007,82.8,89.2,71.1,84.4,0,73.9
2026-02-18,DP007,84.8,89.4,73.6,82.1,0,94.7
2026-02-19,DP007,88.5,86.4,72.8,92.5,0,106.2
2026-02-20,DP007,86.4,76.9,71.4,86.9,1,86.8
2026-02-21,DP007,81.5,81.5,75.8,72.7,0,79.7
2026-02-22,DP007,88.3,85.5,76.1,95.2,0,81.6
2026-02-23,DP007,83.2,84.5,74.2,82.3,0,96.4
2026-02-24,DP007,85.3,86.6,71.3,92.9,0,106.0
2026-02-25,DP007,86.3,88.3,76.7,97.0,0,99.5
2026-02-26,DP007,82.5,81.2,71.0,87.5,0,79.2
2026-02-27,DP007,85.6,85.4,72.7,79.5,1,89.6
2026-02-28,DP007,81.9,88.4,68.8,94.5,0,109.4
2026-03-01,DP007,88.9,89.8,71.4,90.6,0,92.9
2026-03-02,DP007,87.5,81.9,71.4,79.8,0,79.3
2026-03-03,DP007,86.6,81.6,70.0,96.3,0,93.8
2026-03-04,DP007,89.4,86.8,77.3,73.0,0,103.6
2026-03-05,DP007,84.7,88.5,72.4,79.3,0,82.9
2026-03-06,DP007,88.8,83.5,77.3,73.0,0,95.9
2026-03-07,DP007,81.5,86.8,69.7,73.5,0,78.8
2026-03-08,DP007,82.3,83.1,77.2,87.2,0,104.6
2026-03-09,DP007,85.6,88.9,76.4,93.4,0,76.2
2026-03-10,DP007,87.9,83.7,70.8,95.7,0,87.3
2026-03-11,DP007,87.4,85.3,73.6,83.7,0,79.2
2026-03-12,DP007,87.1,82.4,77.6,83.7,0,92.5
2026-03-13,DP007,83.7,85.9,69.7,80.7,0,79.3
2026-03-14,DP007,83.3,85.4,77.2,85.6,0,86.2
2026-03-15,DP007,86.0,82.3,68.8,72.9,1,101.6
2026-03-16,DP007,89.7,89.4,73.4,95.3,0,91.3
2026-03-17,DP007,84.8,85.0,71.3,84.9,0,88.5
2026-03-18,DP007,83.6,81.3,73.8,84.6,0,104.4
2026-03-19,DP007,82.2,83.2,77.4,85.6,0,90.7
2026-03-20,DP007,85.2,87.9,72.7,80.9,0,107.2
2026-03-21,DP007,83.1,86.1,74.8,95.6,0,85.6
2026-03-22,DP007,85.0,81.9,77.4,74.1,1,96.5
2026-03-23,DP007,81.6,82.5,77.0,85.9,0,73.1
2026-03-24,DP007,88.5,85.0,73.3,87.8,0,87.9
2026-03-25,DP007,86.1,87.3,71.0,88.1,0,85.7
2026-03-26,DP007,89.8,88.3,69.3,96.1,0,111.8
2026-03-27,DP007,85.3,88.9,74.6,74.4,0,106.7
2026-03-28,DP007,83.6,83.1,74.9,86.1,0,84.0
2026-03-29,DP007,81.0,81.4,79.3,75.7,1,73.8
2026-03-30,DP007,84.5,87.9,72.3,95.8,0,111.5
2026-03-31,DP007,88.0,87.1,74.8,79.8,0,73.6
2026-04-01,DP007,81.7,82.0,79.2,94.4,0,80.6
2026-04-02,DP007,81.1,85.2,75.8,95.2,0,107.2
2026-04-03,DP007,88.7,87.3,69.9,77.8,0,95.7
2026-04-04,DP007,85.4,86.8,72.3,80.7,0,101.0
2026-04-05,DP007,84.1,80.3,79.0,89.0,1,73.1
2026-04-06,DP007,80.6,81.1,78.8,68.7,1,77.1
2026-04-07,DP007,85.5,89.9,73.4,83.1,0,102.8
2026-04-08,DP007,87.3,86.2,77.5,79.4,0,98.8
2026-04-09,DP007,84.0,88.6,78.6,82.6,0,96.5
2026-04-10,DP007,78.6,80.0,73.6,73.5,1,88.6
2026-04-11,DP007,83.1,86.3,73.9,80.3,0,105.7
2026-04-12,DP007,81.9,84.9,74.6,91.1,1,79.3
2026-04-13,DP007,89.3,84.5,72.4,74.9,0,77.0
2026-04-14,DP007,75.7,79.2,78.0,82.1,2,78.8
2026-04-15,DP007,82.8,87.8,76.0,95.7,0,86.6
2026-04-16,DP007,87.3,83.8,77.4,77.8,0,98.6
2026-04-17,DP007,89.2,84.1,71.3,73.3,0,95.3
2026-04-18,DP007,84.9,84.5,77.6,94.7,0,83.8
2026-04-19,DP007,81.7,87.3,71.4,93.4,0,83.8
2026-04-20,DP007,87.3,88.7,75.2,88.9,0,101.5
2026-04-21,DP007,84.2,82.8,79.4,84.6,0,81.0
2026-04-22,DP007,86.8,81.6,76.8,76.6,0,101.8
2026-04-23,DP007,84.5,81.9,72.6,77.9,1,89.0
2026-04-24,DP007,88.4,84.4,73.7,89.6,0,85.4
2026-04-25,DP007,80.5,80.7,75.9,88.0,1,89.6
2026-04-26,DP007,85.4,81.8,73.8,73.6,0,108.8
2026-04-27,DP007,85.3,84.6,72.8,75.6,0,75.6
2026-04-28,DP007,80.2,76.7,78.7,90.1,1,102.1
2026-04-29,DP007,83.4,89.2,75.2,96.9,0,103.8
2026-04-30,DP007,89.5,86.2,76.7,84.9,0,78.1
2026-01-01,DP008,91.7,96.0,58.8,74.5,0,102.7
2026-01-02,DP008,86.8,90.2,60.5,82.3,0,90.9
2026-01-03,DP008,88.3,94.0,57.9,90.8,0,80.2
2026-01-04,DP008,85.3,87.7,63.8,82.3,0,100.7
2026-01-05,DP008,85.2,94.9,64.8,74.4,0,95.8
2026-01-06,DP008,84.8,87.4,57.3,70.5,1,81.2
2026-01-07,DP008,92.8,91.3,59.5,84.1,0,81.3
2026-01-08,DP008,85.0,89.7,62.9,73.5,0,67.2
2026-01-09,DP008,86.0,86.7,62.5,80.8,1,69.0
2026-01-10,DP008,89.3,91.0,67.2,89.1,0,82.8
2026-01-11,DP008,89.1,94.4,58.3,96.7,0,100.1
2026-01-12,DP008,89.4,87.2,59.1,73.0,0,75.8
2026-01-13,DP008,85.5,95.6,62.1,76.6,0,99.4
2026-01-14,DP008,84.4,83.2,64.9,88.7,1,76.3
2026-01-15,DP008,88.0,85.1,59.4,80.9,1,78.7
2026-01-16,DP008,91.6,92.8,64.7,93.1,0,105.8
2026-01-17,DP008,86.5,95.0,60.6,85.4,0,102.4
2026-01-18,DP008,85.6,93.3,66.1,86.2,0,92.8
2026-01-19,DP008,86.3,94.1,60.5,74.6,0,74.4
2026-01-20,DP008,90.0,91.7,64.8,91.1,0,72.9
2026-01-21,DP008,84.2,88.0,58.8,90.5,0,103.0
2026-01-22,DP008,87.3,91.6,60.0,73.9,0,69.0
2026-01-23,DP008,92.5,88.4,60.9,89.7,0,73.9
2026-01-24,DP008,86.6,95.3,64.1,94.2,0,83.3
2026-01-25,DP008,89.0,87.7,66.5,90.1,0,71.0
2026-01-26,DP008,90.2,91.6,61.5,73.7,0,86.2
2026-01-27,DP008,89.2,90.6,67.2,85.0,0,88.5
2026-01-28,DP008,89.7,89.4,62.0,83.7,0,72.2
2026-01-29,DP008,92.7,91.4,67.5,94.2,0,105.0
2026-01-30,DP008,91.9,92.0,67.8,87.7,0,70.5
2026-01-31,DP008,90.2,88.4,62.0,89.9,0,96.5
2026-02-01,DP008,89.4,85.7,68.3,74.6,1,86.9
2026-02-02,DP008,88.3,83.5,68.9,89.6,1,95.4
2026-02-03,DP008,87.8,91.4,68.6,77.7,0,95.3
2026-02-04,DP008,87.5,91.3,69.1,81.9,0,73.3
2026-02-05,DP008,85.5,90.5,59.4,73.4,0,93.2
2026-02-06,DP008,84.4,89.1,66.5,72.2,0,78.6
2026-02-07,DP008,90.5,92.8,61.8,74.2,0,97.6
2026-02-08,DP008,89.5,93.4,67.2,73.2,0,72.9
2026-02-09,DP008,85.6,95.6,61.5,73.2,0,90.6
2026-02-10,DP008,90.2,91.7,64.1,77.6,0,90.1
2026-02-11,DP008,88.4,87.2,68.2,85.9,0,97.3
2026-02-12,DP008,85.2,95.6,69.3,78.3,0,87.1
2026-02-13,DP008,88.6,87.8,62.7,72.3,0,104.5
2026-02-14,DP008,89.4,91.2,66.7,73.6,0,86.7
2026-02-15,DP008,84.5,89.1,61.4,83.4,0,102.9
2026-02-16,DP008,86.9,89.5,63.4,75.8,0,87.6
2026-02-17,DP008,85.0,92.2,63.6,83.7,0,86.2
2026-02-18,DP008,88.9,88.6,66.3,73.7,0,100.3
2026-02-19,DP008,86.7,92.2,60.6,84.7,0,68.2
2026-02-20,DP008,81.0,84.9,64.8,84.1,1,76.7
2026-02-21,DP008,84.4,90.5,70.0,81.2,0,104.1
2026-02-22,DP008,90.4,95.4,70.3,96.7,0,83.9
2026-02-23,DP008,85.1,89.9,67.9,84.9,0,68.9
2026-02-24,DP008,90.7,93.0,65.5,77.5,0,105.4
2026-02-25,DP008,89.4,93.4,67.2,75.6,0,102.6
2026-02-26,DP008,86.5,90.4,67.4,88.3,0,84.5
2026-02-27,DP008,89.4,89.2,71.0,82.7,0,78.0
2026-02-28,DP008,89.6,94.4,67.8,92.3,0,99.1
2026-03-01,DP008,87.1,87.3,62.7,95.7,0,75.5
2026-03-02,DP008,84.5,93.1,66.4,78.3,0,69.4
2026-03-03,DP008,85.9,90.7,64.7,82.9,0,99.7
2026-03-04,DP008,90.4,93.7,63.1,82.3,0,103.2
2026-03-05,DP008,86.5,84.8,65.1,69.5,1,75.4
2026-03-06,DP008,84.5,93.2,65.7,78.7,0,103.2
2026-03-07,DP008,84.4,88.4,64.9,94.9,0,73.5
2026-03-08,DP008,89.5,93.0,70.8,73.3,0,101.4
2026-03-09,DP008,93.0,92.8,68.4,89.1,0,97.8
2026-03-10,DP008,90.1,92.5,62.8,86.0,0,104.6
2026-03-11,DP008,90.2,89.2,66.1,82.3,0,79.9
2026-03-12,DP008,88.5,95.6,63.7,87.6,0,68.8
2026-03-13,DP008,88.1,92.4,67.0,89.1,0,92.8
2026-03-14,DP008,90.9,91.8,65.8,93.6,0,93.2
2026-03-15,DP008,89.3,91.9,72.2,76.3,0,71.1
2026-03-16,DP008,90.8,93.5,66.8,77.7,0,105.6
2026-03-17,DP008,84.8,93.4,71.2,93.0,0,71.5
2026-03-18,DP008,88.7,88.1,68.3,83.0,0,79.6
2026-03-19,DP008,91.2,88.4,66.7,88.2,0,71.8
2026-03-20,DP008,85.5,95.0,68.3,75.9,0,88.2
2026-03-21,DP008,87.6,89.5,63.4,74.9,0,96.3
2026-03-22,DP008,85.5,89.7,71.5,82.1,0,98.5
2026-03-23,DP008,84.1,90.3,67.4,78.0,0,80.9
2026-03-24,DP008,86.2,92.7,63.9,86.8,0,82.7
2026-03-25,DP008,90.6,92.2,63.2,81.4,0,83.7
2026-03-26,DP008,87.2,87.6,68.9,74.2,0,70.8
2026-03-27,DP008,88.9,90.8,67.0,77.3,0,103.9
2026-03-28,DP008,89.3,94.2,63.7,82.2,0,81.5
2026-03-29,DP008,88.0,94.2,66.0,74.1,0,85.1
2026-03-30,DP008,92.1,88.4,66.9,75.5,0,91.2
2026-03-31,DP008,88.6,89.9,66.1,71.1,1,96.9
2026-04-01,DP008,85.1,92.7,67.4,89.4,0,75.9
2026-04-02,DP008,92.5,89.5,70.5,90.2,0,68.5
2026-04-03,DP008,90.9,90.0,66.1,82.8,0,105.5
2026-04-04,DP008,87.5,94.6,67.5,89.4,0,79.1
2026-04-05,DP008,87.8,89.4,67.0,82.4,0,73.0
2026-04-06,DP008,91.9,88.1,65.3,90.3,0,76.7
2026-04-07,DP008,89.7,89.0,64.5,92.7,1,95.7
2026-04-08,DP008,85.0,95.5,66.5,90.8,0,73.4
2026-04-09,DP008,87.0,88.6,71.8,95.5,0,104.7
2026-04-10,DP008,91.0,91.7,69.7,92.9,0,68.0
2026-04-11,DP008,87.6,83.8,68.9,76.5,1,104.8
2026-04-12,DP008,87.3,90.6,66.3,80.5,0,87.7
2026-04-13,DP008,88.3,89.9,74.4,96.5,0,67.8
2026-04-14,DP008,84.7,93.3,72.7,81.4,0,93.5
2026-04-15,DP008,86.8,90.5,64.9,85.2,0,75.3
2026-04-16,DP008,91.1,93.3,66.2,75.8,0,102.7
2026-04-17,DP008,86.7,91.9,70.1,75.3,0,102.7
2026-04-18,DP008,88.9,93.1,72.1,77.2,0,67.6
2026-04-19,DP008,85.8,88.0,67.4,74.4,0,79.4
2026-04-20,DP008,90.6,93.4,66.3,89.4,0,104.5
2026-04-21,DP008,92.3,94.1,67.9,95.2,0,98.6
2026-04-22,DP008,91.3,91.3,65.5,76.6,0,103.3
2026-04-23,DP008,89.5,90.3,72.1,78.4,0,67.9
2026-04-24,DP008,87.8,88.1,73.3,74.7,0,103.9
2026-04-25,DP008,92.6,93.6,75.0,83.4,0,68.7
2026-04-26,DP008,87.9,88.4,67.3,73.5,1,105.7
2026-04-27,DP008,91.9,88.7,67.6,83.4,0,73.6
2026-04-28,DP008,92.8,94.6,71.2,95.6,0,71.0
2026-04-29,DP008,89.6,89.8,69.8,73.3,0,85.8
2026-04-30,DP008,88.7,88.2,67.3,77.6,0,71.0
2026-01-01,DP009,83.2,88.3,59.6,72.9,0,102.7
2026-01-02,DP009,85.1,89.1,57.1,76.9,0,75.4
2026-01-03,DP009,84.1,86.7,58.0,92.7,0,106.0
2026-01-04,DP009,81.4,91.0,65.2,89.3,0,100.7
2026-01-05,DP009,79.3,92.7,64.8,93.3,0,105.4
2026-01-06,DP009,80.2,92.8,60.6,96.8,0,77.0
2026-01-07,DP009,80.7,87.4,65.0,88.6,0,95.3
2026-01-08,DP009,83.2,88.5,64.3,72.7,0,90.2
2026-01-09,DP009,83.2,83.2,66.0,83.0,1,78.6
2026-01-10,DP009,81.6,85.8,61.8,88.4,0,92.0
2026-01-11,DP009,81.3,91.1,62.2,81.8,0,94.4
2026-01-12,DP009,84.9,86.1,61.5,93.4,0,99.3
2026-01-13,DP009,81.2,87.8,67.1,83.6,0,70.1
2026-01-14,DP009,85.4,87.4,64.6,87.7,0,73.7
2026-01-15,DP009,82.9,88.5,64.1,86.6,0,90.1
2026-01-16,DP009,76.8,81.7,63.6,89.0,1,104.3
2026-01-17,DP009,79.5,86.6,57.6,88.0,0,83.3
2026-01-18,DP009,84.2,87.6,60.1,91.7,0,90.5
2026-01-19,DP009,84.9,92.4,63.3,90.9,0,82.4
2026-01-20,DP009,82.8,92.8,58.3,86.7,0,83.8
2026-01-21,DP009,85.0,86.6,60.3,83.4,0,104.8
2026-01-22,DP009,83.1,86.1,62.5,69.8,1,93.9
2026-01-23,DP009,81.1,92.2,60.0,94.3,0,74.0
2026-01-24,DP009,81.4,85.5,61.5,93.6,0,67.0
2026-01-25,DP009,83.7,88.9,61.0,78.1,0,78.1
2026-01-26,DP009,81.7,94.2,60.8,91.6,0,101.7
2026-01-27,DP009,76.5,88.9,60.9,82.5,1,85.3
2026-01-28,DP009,85.4,89.9,67.1,77.6,0,101.8
2026-01-29,DP009,78.9,84.2,67.4,70.6,1,86.5
2026-01-30,DP009,86.5,90.0,63.2,81.6,0,103.0
2026-01-31,DP009,82.9,81.3,64.2,82.0,1,94.0
2026-02-01,DP009,79.5,85.7,67.2,83.1,0,104.9
2026-02-02,DP009,83.4,80.9,60.4,81.9,1,90.3
2026-02-03,DP009,82.5,94.2,62.0,81.1,0,73.9
2026-02-04,DP009,84.3,88.0,66.1,79.0,0,75.4
2026-02-05,DP009,85.0,92.3,64.0,76.3,0,100.3
2026-02-06,DP009,85.3,86.5,69.0,81.4,0,67.6
2026-02-07,DP009,79.9,90.6,59.2,87.1,0,105.5
2026-02-08,DP009,79.1,92.9,61.0,77.6,0,91.4
2026-02-09,DP009,85.8,92.5,59.6,82.5,0,69.6
2026-02-10,DP009,80.9,92.5,61.4,77.7,0,90.9
2026-02-11,DP009,84.6,88.1,64.6,93.7,0,69.1
2026-02-12,DP009,82.7,86.6,60.1,93.9,0,74.4
2026-02-13,DP009,83.8,93.3,68.3,96.1,0,93.0
2026-02-14,DP009,86.6,87.1,66.5,80.1,0,98.9
2026-02-15,DP009,80.2,87.6,64.7,84.1,0,88.6
2026-02-16,DP009,79.4,89.3,60.4,81.5,0,97.5
2026-02-17,DP009,83.0,90.5,63.6,84.6,0,71.1
2026-02-18,DP009,83.7,90.5,68.4,91.6,0,100.2
2026-02-19,DP009,82.5,86.0,66.4,86.6,0,105.8
2026-02-20,DP009,85.3,86.9,61.5,93.8,0,103.9
2026-02-21,DP009,81.3,85.3,66.0,78.5,0,79.6
2026-02-22,DP009,82.4,90.3,64.2,77.4,0,96.5
2026-02-23,DP009,79.2,88.6,61.3,88.7,1,90.5
2026-02-24,DP009,83.9,88.2,63.9,85.2,0,84.6
2026-02-25,DP009,86.1,88.6,67.5,86.3,0,99.7
2026-02-26,DP009,80.7,89.1,64.6,77.6,0,90.2
2026-02-27,DP009,75.2,89.2,62.7,87.9,1,104.5
2026-02-28,DP009,86.3,88.6,66.9,94.3,0,90.3
2026-03-01,DP009,85.5,86.3,69.7,73.1,0,103.3
2026-03-02,DP009,85.4,92.6,61.6,91.3,0,79.9
2026-03-03,DP009,79.7,89.3,67.1,93.8,0,92.5
2026-03-04,DP009,84.6,86.6,61.7,94.7,0,87.8
2026-03-05,DP009,83.7,93.4,63.2,92.0,0,71.9
2026-03-06,DP009,79.1,81.5,71.2,82.1,1,72.2
2026-03-07,DP009,82.4,94.1,70.9,81.7,0,79.2
2026-03-08,DP009,82.4,90.0,71.4,89.9,0,105.8
2026-03-09,DP009,83.3,92.7,65.8,82.9,0,86.4
2026-03-10,DP009,79.5,88.5,67.0,77.8,0,81.0
2026-03-11,DP009,85.7,89.2,70.7,74.9,0,73.5
2026-03-12,DP009,80.7,93.4,65.2,84.9,0,95.8
2026-03-13,DP009,81.0,88.5,67.5,78.3,0,101.3
2026-03-14,DP009,81.2,86.8,67.1,94.8,0,67.6
2026-03-15,DP009,80.7,87.4,70.9,76.6,0,84.0
2026-03-16,DP009,79.9,88.8,64.2,82.0,0,72.2
2026-03-17,DP009,80.8,85.9,68.6,87.6,0,95.4
2026-03-18,DP009,81.7,90.0,67.7,81.6,0,76.5
2026-03-19,DP009,87.0,85.7,71.5,91.4,0,105.2
2026-03-20,DP009,82.6,89.7,69.9,89.0,0,98.4
2026-03-21,DP009,83.9,87.6,62.8,84.1,1,92.6
2026-03-22,DP009,84.3,85.7,71.2,93.6,0,104.2
2026-03-23,DP009,81.0,91.1,67.0,96.4,0,105.1
2026-03-24,DP009,81.8,92.0,70.2,77.3,0,93.5
2026-03-25,DP009,78.8,93.3,72.5,86.8,0,72.0
2026-03-26,DP009,79.5,90.4,65.3,88.3,0,81.2
2026-03-27,DP009,79.5,87.3,68.3,73.4,0,88.8
2026-03-28,DP009,78.9,89.7,64.2,80.2,0,79.4
2026-03-29,DP009,85.3,88.5,68.5,88.8,0,104.8
2026-03-30,DP009,83.6,89.8,65.9,78.5,0,70.1
2026-03-31,DP009,81.5,82.9,73.2,83.2,1,70.1
2026-04-01,DP009,82.4,88.3,73.4,81.9,0,102.7
2026-04-02,DP009,83.2,86.5,63.9,76.0,0,69.9
2026-04-03,DP009,87.0,88.6,73.0,85.2,0,91.0
2026-04-04,DP009,84.3,85.4,70.1,72.5,0,91.5
2026-04-05,DP009,83.3,87.1,70.5,85.8,1,67.2
2026-04-06,DP009,85.0,86.9,68.6,96.7,0,68.5
2026-04-07,DP009,80.4,85.4,70.7,85.9,0,89.2
2026-04-08,DP009,80.7,89.1,72.5,92.3,0,96.7
2026-04-09,DP009,85.5,93.6,68.2,88.3,0,103.7
2026-04-10,DP009,80.0,89.4,72.9,76.7,1,90.8
2026-04-11,DP009,86.9,85.9,71.3,73.6,0,83.0
2026-04-12,DP009,82.3,88.6,67.9,86.6,0,83.1
2026-04-13,DP009,80.4,82.2,71.5,76.3,1,83.7
2026-04-14,DP009,85.4,87.6,69.8,86.1,0,95.6
2026-04-15,DP009,76.0,87.1,70.4,68.4,1,85.0
2026-04-16,DP009,81.4,85.9,70.4,86.2,0,91.6
2026-04-17,DP009,81.3,89.2,65.7,75.4,0,74.9
2026-04-18,DP009,84.5,86.6,69.2,83.8,0,102.8
2026-04-19,DP009,82.2,87.9,71.4,85.1,0,70.2
2026-04-20,DP009,79.1,93.0,70.3,86.4,0,83.4
2026-04-21,DP009,86.3,86.5,68.4,87.3,0,103.5
2026-04-22,DP009,84.1,94.1,71.5,91.8,0,76.9
2026-04-23,DP009,81.3,94.3,71.0,95.5,0,82.2
2026-04-24,DP009,79.4,85.3,65.7,78.5,0,105.0
2026-04-25,DP009,87.0,85.9,69.9,94.2,0,86.8
2026-04-26,DP009,86.1,91.7,71.4,72.5,0,84.9
2026-04-27,DP009,79.7,90.4,69.3,88.5,0,70.7
2026-04-28,DP009,86.7,91.4,66.8,72.9,0,96.8
2026-04-29,DP009,75.0,81.0,73.4,85.9,1,67.2
2026-04-30,DP009,81.0,86.6,69.7,72.2,0,75.2
2026-01-01,DP010,83.7,95.0,61.3,86.3,0,72.8
2026-01-02,DP010,77.9,91.7,57.9,74.9,0,74.6
2026-01-03,DP010,79.5,91.2,57.6,88.6,0,103.4
2026-01-04,DP010,78.4,94.2,65.7,80.2,0,81.0
2026-01-05,DP010,81.6,94.3,57.3,77.0,0,73.5
2026-01-06,DP010,84.9,88.5,65.6,92.8,0,88.6
2026-01-07,DP010,78.6,88.3,64.1,73.0,0,80.4
2026-01-08,DP010,78.2,92.4,58.0,74.9,0,80.9
2026-01-09,DP010,78.3,92.2,60.6,81.9,0,94.0
2026-01-10,DP010,77.6,92.8,62.9,76.3,0,107.8
2026-01-11,DP010,78.9,91.2,61.6,92.8,0,79.3
2026-01-12,DP010,83.5,95.3,60.5,94.5,0,91.1
2026-01-13,DP010,84.3,91.5,58.1,72.3,0,73.5
2026-01-14,DP010,76.2,90.4,59.2,85.1,1,100.9
2026-01-15,DP010,79.5,93.9,64.0,88.4,0,91.5
2026-01-16,DP010,84.9,92.0,61.3,86.2,0,96.8
2026-01-17,DP010,79.2,89.8,66.6,74.9,1,106.1
2026-01-18,DP010,77.9,84.9,62.8,73.1,1,99.1
2026-01-19,DP010,78.5,95.7,61.1,88.8,0,82.7
2026-01-20,DP010,79.1,91.4,61.8,78.7,0,74.4
2026-01-21,DP010,82.9,95.6,61.3,80.5,0,77.8
2026-01-22,DP010,77.1,92.2,63.8,84.7,0,89.7
2026-01-23,DP010,79.6,93.2,63.5,90.5,0,86.8
2026-01-24,DP010,84.9,87.5,60.4,87.0,0,93.1
2026-01-25,DP010,82.6,90.1,58.9,86.0,0,98.5
2026-01-26,DP010,85.1,94.3,66.3,88.6,0,98.6
2026-01-27,DP010,83.3,92.4,65.6,91.0,0,87.1
2026-01-28,DP010,84.5,89.1,65.9,90.0,0,73.1
2026-01-29,DP010,85.8,88.7,67.3,80.1,0,92.0
2026-01-30,DP010,82.8,95.2,62.5,94.2,0,82.5
2026-01-31,DP010,83.6,87.3,59.7,82.2,0,91.9
2026-02-01,DP010,82.7,93.3,59.9,78.6,0,107.4
2026-02-02,DP010,82.2,89.8,58.9,80.4,0,93.4
2026-02-03,DP010,81.3,92.6,63.9,82.6,0,87.0
2026-02-04,DP010,84.8,89.1,65.3,78.3,0,102.5
2026-02-05,DP010,81.1,92.4,64.9,84.3,0,82.8
2026-02-06,DP010,78.3,87.5,67.7,79.6,1,105.1
2026-02-07,DP010,84.1,93.6,63.0,90.4,0,87.5
2026-02-08,DP010,77.9,89.5,62.9,73.3,0,85.9
2026-02-09,DP010,77.2,92.4,63.2,85.5,0,74.2
2026-02-10,DP010,84.6,94.2,64.5,77.7,0,81.2
2026-02-11,DP010,82.1,87.4,66.2,81.0,0,108.7
2026-02-12,DP010,78.3,91.6,64.7,94.4,0,78.3
2026-02-13,DP010,82.5,88.0,60.5,93.0,0,105.3
2026-02-14,DP010,73.8,87.2,65.0,79.8,1,78.9
2026-02-15,DP010,80.9,92.9,65.2,81.6,0,80.2
2026-02-16,DP010,80.1,87.9,69.3,87.5,0,100.6
2026-02-17,DP010,75.4,90.6,62.8,91.9,1,99.7
2026-02-18,DP010,77.4,92.6,65.6,75.1,0,97.3
2026-02-19,DP010,85.6,87.0,63.1,85.6,0,93.6
2026-02-20,DP010,83.8,94.3,61.1,88.5,0,95.8
2026-02-21,DP010,78.3,88.8,64.5,83.5,0,92.2
2026-02-22,DP010,78.0,89.7,62.9,93.8,0,71.3
2026-02-23,DP010,85.3,95.0,62.6,78.2,0,108.0
2026-02-24,DP010,80.7,88.6,62.8,87.1,0,97.1
2026-02-25,DP010,76.9,87.3,66.4,76.5,1,75.7
2026-02-26,DP010,77.3,93.2,60.7,84.3,0,101.3
2026-02-27,DP010,77.4,90.4,67.2,93.5,0,86.8
2026-02-28,DP010,77.6,86.9,64.0,79.1,0,95.2
2026-03-01,DP010,83.3,94.1,69.9,78.8,0,90.8
2026-03-02,DP010,84.3,95.1,62.7,82.9,0,98.8
2026-03-03,DP010,79.9,92.1,66.9,81.2,0,93.0
2026-03-04,DP010,79.1,93.7,66.7,86.4,0,92.4
2026-03-05,DP010,77.2,95.1,62.6,81.0,0,92.4
2026-03-06,DP010,78.3,90.5,66.0,93.7,0,86.6
2026-03-07,DP010,78.6,87.5,68.4,90.0,1,95.5
2026-03-08,DP010,82.2,93.8,62.0,95.0,0,92.4
2026-03-09,DP010,78.9,90.2,62.1,77.8,0,95.0
2026-03-10,DP010,79.3,85.9,62.7,80.0,1,73.7
2026-03-11,DP010,79.7,87.1,66.2,93.1,0,73.9
2026-03-12,DP010,84.7,94.9,63.0,73.2,0,93.5
2026-03-13,DP010,81.4,87.3,65.5,86.3,0,109.0
2026-03-14,DP010,78.6,90.9,61.9,72.8,1,73.6
2026-03-15,DP010,78.6,95.7,62.1,85.9,0,90.4
2026-03-16,DP010,83.9,91.3,68.5,96.4,0,76.0
2026-03-17,DP010,79.3,94.2,66.9,78.8,0,70.4
2026-03-18,DP010,83.4,90.2,62.8,94.8,0,100.6
2026-03-19,DP010,80.0,90.6,71.7,91.2,0,87.7
2026-03-20,DP010,84.3,91.2,70.1,81.2,0,70.0
2026-03-21,DP010,81.5,92.1,69.9,89.7,0,95.8
2026-03-22,DP010,82.2,89.9,65.3,90.7,0,104.0
2026-03-23,DP010,78.2,92.5,72.0,77.3,0,83.3
2026-03-24,DP010,83.6,88.0,69.2,77.6,0,85.9
2026-03-25,DP010,83.2,94.0,67.5,88.3,0,91.6
2026-03-26,DP010,81.8,90.7,71.3,92.6,0,75.6
2026-03-27,DP010,83.4,94.3,66.4,95.8,0,84.0
2026-03-28,DP010,74.4,84.5,72.6,82.7,1,96.5
2026-03-29,DP010,80.8,83.2,72.5,75.4,1,93.7
2026-03-30,DP010,84.2,92.2,65.7,72.2,0,88.5
2026-03-31,DP010,81.0,91.1,66.1,84.7,0,80.6
2026-04-01,DP010,82.1,92.8,71.3,94.0,0,96.3
2026-04-02,DP010,79.5,93.1,66.6,80.1,0,90.8
2026-04-03,DP010,77.7,90.3,72.7,86.1,0,98.4
2026-04-04,DP010,80.0,92.0,70.9,93.5,0,91.9
2026-04-05,DP010,84.7,93.5,63.8,87.5,0,92.3
2026-04-06,DP010,78.1,90.9,70.4,83.1,0,108.6
2026-04-07,DP010,84.6,95.4,73.2,89.9,0,74.0
2026-04-08,DP010,77.0,87.0,71.8,95.4,0,100.1
2026-04-09,DP010,77.3,91.9,68.1,96.2,0,97.0
2026-04-10,DP010,84.3,87.8,68.2,73.5,0,77.0
2026-04-11,DP010,78.9,95.7,72.1,85.0,0,84.8
2026-04-12,DP010,80.8,90.3,67.0,77.0,0,104.4
2026-04-13,DP010,83.1,88.6,70.7,81.5,0,70.1
2026-04-14,DP010,82.0,89.7,72.4,94.0,0,95.0
2026-04-15,DP010,82.7,95.0,72.1,79.4,0,106.0
2026-04-16,DP010,77.2,89.5,67.4,80.7,0,71.5
2026-04-17,DP010,84.2,87.5,67.6,81.3,0,85.1
2026-04-18,DP010,78.2,93.0,73.5,72.7,0,90.5
2026-04-19,DP010,82.6,91.6,70.1,87.3,0,103.1
2026-04-20,DP010,77.8,94.2,66.4,74.4,0,86.4
2026-04-21,DP010,83.7,87.1,67.2,94.7,0,105.3
2026-04-22,DP010,77.2,89.7,69.1,90.9,0,103.7
2026-04-23,DP010,85.0,94.6,67.9,88.9,0,92.5
2026-04-24,DP010,79.2,91.4,70.4,95.4,0,81.5
2026-04-25,DP010,79.8,94.3,74.9,93.0,0,82.3
2026-04-26,DP010,85.6,88.0,68.8,81.6,0,106.7
2026-04-27,DP010,78.5,91.8,72.5,77.8,0,75.5
2026-04-28,DP010,82.1,87.7,73.4,73.4,0,93.1
2026-04-29,DP010,83.4,91.2,65.9,88.1,0,108.5
2026-04-30,DP010,85.6,88.9,70.4,79.1,0,83.2
2026-01-01,DP011,86.1,88.0,69.6,92.3,0,100.8
2026-01-02,DP011,88.6,90.5,69.5,86.3,1,105.9
2026-01-03,DP011,88.6,96.4,70.6,75.1,0,84.5
2026-01-04,DP011,87.9,93.9,73.9,80.7,0,99.0
2026-01-05,DP011,90.3,89.7,68.9,73.5,0,96.0
2026-01-06,DP011,89.9,94.1,77.4,92.1,0,104.7
2026-01-07,DP011,87.8,90.6,77.7,96.7,0,68.6
2026-01-08,DP011,84.4,92.2,74.9,83.8,0,93.9
2026-01-09,DP011,92.4,89.4,68.6,94.4,0,69.9
2026-01-10,DP011,90.5,94.5,68.5,83.0,0,77.4
2026-01-11,DP011,86.4,89.2,73.0,92.9,0,99.6
2026-01-12,DP011,88.7,89.8,74.8,70.7,1,90.1
2026-01-13,DP011,87.5,88.8,76.7,90.9,0,98.1
2026-01-14,DP011,87.1,89.7,73.9,84.7,0,99.1
2026-01-15,DP011,89.1,89.4,69.9,78.9,0,86.5
2026-01-16,DP011,88.5,92.5,74.3,82.3,0,83.0
2026-01-17,DP011,92.4,95.9,72.6,74.7,0,86.0
2026-01-18,DP011,84.0,92.7,76.7,80.9,0,72.4
2026-01-19,DP011,83.6,96.0,72.1,79.5,0,84.6
2026-01-20,DP011,86.8,92.8,72.1,75.4,0,80.8
2026-01-21,DP011,89.1,88.6,77.7,80.0,0,75.3
2026-01-22,DP011,82.7,84.7,76.5,84.9,1,103.8
2026-01-23,DP011,85.6,93.7,77.6,72.8,0,73.6
2026-01-24,DP011,87.1,87.9,78.4,96.4,0,73.3
2026-01-25,DP011,88.9,90.6,70.5,72.2,0,72.4
2026-01-26,DP011,83.9,88.8,69.6,80.3,0,71.9
2026-01-27,DP011,91.6,93.8,74.6,94.4,0,84.2
2026-01-28,DP011,91.0,94.1,72.3,93.5,0,68.9
2026-01-29,DP011,91.8,94.1,79.5,89.3,0,74.0
2026-01-30,DP011,84.6,95.9,72.3,94.2,0,89.0
2026-01-31,DP011,86.7,96.0,78.2,95.6,0,81.1
2026-02-01,DP011,90.3,94.0,75.0,86.1,0,94.0
2026-02-02,DP011,85.5,92.2,71.9,89.2,0,93.1
2026-02-03,DP011,87.5,90.9,75.5,87.2,0,88.6
2026-02-04,DP011,81.2,88.4,76.6,73.5,1,69.4
2026-02-05,DP011,89.1,96.4,70.4,96.9,0,77.9
2026-02-06,DP011,89.0,96.6,71.1,84.9,0,83.5
2026-02-07,DP011,84.4,84.4,75.1,84.3,1,105.1
2026-02-08,DP011,85.2,94.2,75.3,80.8,0,85.1
2026-02-09,DP011,92.4,94.6,74.4,77.8,0,85.4
2026-02-10,DP011,84.3,94.2,71.4,84.1,0,78.8
2026-02-11,DP011,87.9,88.0,73.6,94.0,0,70.4
2026-02-12,DP011,84.7,94.3,74.1,72.8,0,78.0
2026-02-13,DP011,90.6,91.8,70.9,88.2,0,97.0
2026-02-14,DP011,90.9,92.1,73.8,81.9,0,91.5
2026-02-15,DP011,86.7,87.9,74.6,87.1,0,88.7
2026-02-16,DP011,90.4,94.5,74.9,82.8,0,104.4
2026-02-17,DP011,84.9,96.8,79.6,96.0,0,78.9
2026-02-18,DP011,85.8,88.5,73.8,87.8,1,78.4
2026-02-19,DP011,88.9,89.8,72.3,84.0,0,83.1
2026-02-20,DP011,83.7,94.9,75.6,90.9,0,88.4
2026-02-21,DP011,90.2,96.7,78.3,80.5,0,105.5
2026-02-22,DP011,87.1,90.2,74.7,79.9,0,89.0
2026-02-23,DP011,88.1,92.4,81.6,80.8,0,75.8
2026-02-24,DP011,85.0,86.9,75.2,72.0,1,95.6
2026-02-25,DP011,90.5,94.2,79.5,77.8,0,87.0
2026-02-26,DP011,87.1,87.4,77.8,68.5,1,103.1
2026-02-27,DP011,88.3,95.7,78.1,90.1,0,87.9
2026-02-28,DP011,87.0,88.9,80.8,86.8,0,94.5
2026-03-01,DP011,90.4,96.4,78.7,92.9,0,78.9
2026-03-02,DP011,85.9,92.5,77.3,76.4,0,73.6
2026-03-03,DP011,85.2,95.7,74.6,90.8,0,68.5
2026-03-04,DP011,89.6,96.7,73.3,79.1,0,78.1
2026-03-05,DP011,84.5,95.2,80.0,89.2,0,105.7
2026-03-06,DP011,89.5,94.4,81.4,74.5,0,99.1
2026-03-07,DP011,91.4,88.3,79.6,79.5,0,92.9
2026-03-08,DP011,86.6,89.4,82.7,90.1,0,84.8
2026-03-09,DP011,85.0,94.3,78.0,76.4,0,77.5
2026-03-10,DP011,84.9,96.4,80.6,80.0,0,95.2
2026-03-11,DP011,88.5,96.0,82.8,73.8,0,95.8
2026-03-12,DP011,88.0,92.3,81.7,82.5,0,80.3
2026-03-13,DP011,90.3,93.3,80.3,86.3,0,93.1
2026-03-14,DP011,84.9,96.0,74.9,84.2,0,101.0
2026-03-15,DP011,90.9,91.2,77.8,80.2,0,70.1
2026-03-16,DP011,90.6,93.1,78.8,94.4,0,85.8
2026-03-17,DP011,90.8,91.4,77.4,93.4,0,71.8
2026-03-18,DP011,85.8,93.9,75.6,78.9,0,96.3
2026-03-19,DP011,82.2,86.4,81.9,72.4,1,81.1
2026-03-20,DP011,85.6,95.5,82.8,82.9,0,102.1
2026-03-21,DP011,82.8,89.5,80.0,75.2,1,102.7
2026-03-22,DP011,89.8,91.0,79.3,89.9,0,96.7
2026-03-23,DP011,91.9,94.3,83.9,76.8,0,99.3
2026-03-24,DP011,88.8,96.0,81.6,77.1,0,77.5
2026-03-25,DP011,91.7,90.4,82.9,74.0,0,105.6
2026-03-26,DP011,91.7,93.1,82.7,77.4,0,67.4
2026-03-27,DP011,82.2,89.6,78.4,91.8,1,77.8
2026-03-28,DP011,90.2,96.3,80.1,90.7,0,105.5
2026-03-29,DP011,89.1,88.2,80.3,81.4,0,94.6
2026-03-30,DP011,86.8,91.4,80.0,75.3,1,79.8
2026-03-31,DP011,83.9,87.5,80.0,88.3,1,68.2
2026-04-01,DP011,91.9,94.4,80.6,80.2,0,91.8
2026-04-02,DP011,89.6,89.0,77.0,77.3,0,105.9
2026-04-03,DP011,87.2,96.0,75.3,83.5,0,98.3
2026-04-04,DP011,83.6,96.5,75.8,83.4,0,96.0
2026-04-05,DP011,91.3,89.1,82.2,96.4,0,92.8
2026-04-06,DP011,89.3,92.7,78.1,82.4,0,93.1
2026-04-07,DP011,84.0,95.6,84.4,93.1,0,92.6
2026-04-08,DP011,86.3,95.1,78.8,80.5,0,79.3
2026-04-09,DP011,89.0,94.3,84.5,94.2,0,104.7
2026-04-10,DP011,91.6,96.5,76.8,77.6,0,78.5
2026-04-11,DP011,85.3,95.3,76.4,88.4,0,86.0
2026-04-12,DP011,91.2,94.9,84.2,83.4,0,69.5
2026-04-13,DP011,91.1,87.9,84.2,78.4,0,68.8
2026-04-14,DP011,87.7,95.7,85.0,77.8,0,93.5
2026-04-15,DP011,91.6,92.2,85.5,94.1,0,95.3
2026-04-16,DP011,89.2,89.9,85.3,73.4,1,74.1
2026-04-17,DP011,84.7,87.9,85.5,73.5,0,94.3
2026-04-18,DP011,89.2,96.6,78.6,72.8,0,78.4
2026-04-19,DP011,88.4,94.1,85.8,92.5,0,74.3
2026-04-20,DP011,89.1,84.5,79.3,76.6,1,94.6
2026-04-21,DP011,91.6,91.3,78.0,90.3,0,85.0
2026-04-22,DP011,85.8,89.6,83.2,89.7,0,73.6
2026-04-23,DP011,86.9,88.5,83.5,85.0,0,105.5
2026-04-24,DP011,85.0,95.9,81.5,73.7,0,99.8
2026-04-25,DP011,84.0,88.5,82.6,88.7,0,82.4
2026-04-26,DP011,85.3,94.0,85.5,82.3,0,87.8
2026-04-27,DP011,91.9,90.7,77.2,88.2,0,104.7
2026-04-28,DP011,86.7,91.3,84.0,77.7,0,72.0
2026-04-29,DP011,86.0,89.2,82.5,73.8,0,69.4
2026-04-30,DP011,83.9,93.1,83.5,94.9,0,91.4
2026-01-01,DP012,78.4,87.6,50.1,81.2,1,106.8
2026-01-02,DP012,80.3,94.0,52.9,91.9,0,85.7
2026-01-03,DP012,86.4,93.4,47.1,87.4,0,86.5
2026-01-04,DP012,88.2,97.3,48.7,80.0,0,94.3
2026-01-05,DP012,80.1,92.7,48.2,73.2,0,103.8
2026-01-06,DP012,76.8,85.0,49.4,82.2,1,88.8
2026-01-07,DP012,80.4,94.4,48.7,74.0,0,107.9
2026-01-08,DP012,83.4,91.2,50.7,87.3,0,74.2
2026-01-09,DP012,82.0,84.1,49.8,79.5,1,72.6
2026-01-10,DP012,80.8,97.4,54.8,78.3,0,76.6
2026-01-11,DP012,84.4,94.1,56.3,77.7,0,78.3
2026-01-12,DP012,80.6,86.5,47.8,69.6,1,74.2
2026-01-13,DP012,82.2,97.0,53.3,85.9,0,79.2
2026-01-14,DP012,84.5,92.0,57.0,95.1,0,101.1
2026-01-15,DP012,83.7,86.9,51.7,81.0,1,85.0
2026-01-16,DP012,82.4,97.1,52.9,75.2,0,101.8
2026-01-17,DP012,80.0,93.2,58.1,75.7,0,70.3
2026-01-18,DP012,82.8,94.7,52.6,83.2,0,73.6
2026-01-19,DP012,80.9,89.6,51.1,79.9,0,85.3
2026-01-20,DP012,80.7,89.0,50.1,86.5,0,82.3
2026-01-21,DP012,82.6,91.4,57.9,78.3,0,71.3
2026-01-22,DP012,79.9,89.4,48.9,92.4,0,93.2
2026-01-23,DP012,86.0,92.8,58.6,84.9,0,75.4
2026-01-24,DP012,80.8,91.2,55.2,82.2,0,70.8
2026-01-25,DP012,84.7,91.5,50.0,79.7,1,89.7
2026-01-26,DP012,79.5,89.4,55.7,96.4,0,99.7
2026-01-27,DP012,81.0,96.8,49.5,84.3,0,101.5
2026-01-28,DP012,82.8,94.1,56.5,87.5,0,106.3
2026-01-29,DP012,83.4,89.7,55.9,91.9,0,108.3
2026-01-30,DP012,84.6,95.5,53.7,76.8,0,80.8
2026-01-31,DP012,77.2,90.9,55.3,68.5,1,80.5
2026-02-01,DP012,86.7,90.8,50.9,73.2,0,82.8
2026-02-02,DP012,82.0,88.1,54.9,89.8,1,97.1
2026-02-03,DP012,81.3,92.8,57.0,74.4,1,76.2
2026-02-04,DP012,86.0,95.9,59.4,83.7,0,108.7
2026-02-05,DP012,80.0,94.4,55.5,85.9,0,74.4
2026-02-06,DP012,79.9,94.8,52.2,76.4,0,80.6
2026-02-07,DP012,82.2,93.0,50.0,82.7,0,85.4
2026-02-08,DP012,81.1,93.9,52.7,82.8,0,98.1
2026-02-09,DP012,80.1,93.5,55.3,86.6,0,96.5
2026-02-10,DP012,82.3,92.4,60.1,77.3,0,74.0
2026-02-11,DP012,84.3,94.4,55.0,84.9,0,103.8
2026-02-12,DP012,85.5,92.2,58.7,78.8,0,75.5
2026-02-13,DP012,82.8,93.0,56.1,88.5,0,88.9
2026-02-14,DP012,80.7,84.6,59.4,70.3,1,79.7
2026-02-15,DP012,87.6,95.7,56.4,89.3,0,95.6
2026-02-16,DP012,81.1,95.6,57.6,84.7,0,70.1
2026-02-17,DP012,84.3,95.3,51.7,80.5,0,100.5
2026-02-18,DP012,85.9,93.6,59.4,79.8,0,83.3
2026-02-19,DP012,81.2,96.1,56.4,89.0,0,91.2
2026-02-20,DP012,81.1,89.2,52.3,87.1,0,76.2
2026-02-21,DP012,81.6,89.3,56.1,88.8,0,98.1
2026-02-22,DP012,85.4,97.2,52.1,75.0,0,97.7
2026-02-23,DP012,84.3,92.4,59.0,78.4,1,94.4
2026-02-24,DP012,88.0,95.0,54.8,96.7,0,106.2
2026-02-25,DP012,86.2,92.2,56.0,83.8,0,97.5
2026-02-26,DP012,82.4,94.7,54.7,74.6,0,101.2
2026-02-27,DP012,85.2,91.9,54.3,91.4,0,102.6
2026-02-28,DP012,88.0,92.4,56.5,74.1,0,78.4
2026-03-01,DP012,86.7,94.5,58.4,79.4,0,72.9
2026-03-02,DP012,88.0,89.8,58.6,74.5,0,83.0
2026-03-03,DP012,78.1,91.4,54.3,85.0,1,76.5
2026-03-04,DP012,80.5,90.5,55.7,81.5,0,71.7
2026-03-05,DP012,83.0,93.3,53.1,76.1,0,81.9
2026-03-06,DP012,80.1,91.1,54.3,91.5,0,88.9
2026-03-07,DP012,82.8,95.7,56.9,90.6,0,98.4
2026-03-08,DP012,85.5,91.5,52.3,93.2,0,83.4
2026-03-09,DP012,82.1,86.4,55.1,80.7,1,75.0
2026-03-10,DP012,85.2,90.5,55.7,91.0,0,102.1
2026-03-11,DP012,83.1,89.8,56.0,90.8,1,96.7
2026-03-12,DP012,84.1,95.5,60.2,83.0,0,74.3
2026-03-13,DP012,83.3,89.1,58.2,85.6,0,102.8
2026-03-14,DP012,79.4,90.4,62.6,84.4,0,81.1
2026-03-15,DP012,81.4,91.8,60.6,77.7,1,108.7
2026-03-16,DP012,79.3,96.0,60.0,73.7,0,107.1
2026-03-17,DP012,86.5,93.6,54.4,78.9,0,71.3
2026-03-18,DP012,84.2,97.0,55.7,89.0,0,70.2
2026-03-19,DP012,82.5,92.9,62.5,89.2,0,78.9
2026-03-20,DP012,79.7,92.9,61.2,85.3,1,90.9
2026-03-21,DP012,81.3,89.6,56.4,84.1,0,97.1
2026-03-22,DP012,86.5,90.3,63.2,74.1,0,77.4
2026-03-23,DP012,83.4,97.3,56.4,81.7,0,94.9
2026-03-24,DP012,84.9,90.4,60.3,83.5,0,105.6
2026-03-25,DP012,86.4,93.5,54.7,89.3,0,104.0
2026-03-26,DP012,79.6,96.6,63.2,88.0,0,101.2
2026-03-27,DP012,83.6,92.7,58.1,76.9,0,87.6
2026-03-28,DP012,87.6,93.6,62.0,96.1,0,95.4
2026-03-29,DP012,79.6,94.3,56.0,78.6,0,83.9
2026-03-30,DP012,82.8,91.7,56.2,87.2,0,105.8
2026-03-31,DP012,79.5,87.1,57.9,75.3,1,82.4
2026-04-01,DP012,81.6,96.7,60.2,86.3,0,95.0
2026-04-02,DP012,86.7,94.5,57.6,79.0,0,84.5
2026-04-03,DP012,88.2,88.7,60.2,91.4,0,98.8
2026-04-04,DP012,80.1,92.4,58.7,94.3,0,71.3
2026-04-05,DP012,85.6,90.4,55.0,73.0,0,86.0
2026-04-06,DP012,87.2,91.3,61.5,93.2,0,80.0
2026-04-07,DP012,81.3,96.4,61.6,86.8,0,80.0
2026-04-08,DP012,79.3,89.1,55.4,82.7,0,94.9
2026-04-09,DP012,83.9,91.1,55.0,92.1,0,78.0
2026-04-10,DP012,85.1,96.2,59.6,85.8,0,92.8
2026-04-11,DP012,84.4,94.8,63.6,79.1,0,78.7
2026-04-12,DP012,88.0,97.1,60.2,77.6,0,79.0
2026-04-13,DP012,83.4,88.7,56.1,87.4,1,98.2
2026-04-14,DP012,86.2,97.2,56.0,93.4,0,96.1
2026-04-15,DP012,80.8,89.3,59.1,82.3,0,108.7
2026-04-16,DP012,80.7,93.3,58.8,75.9,0,82.3
2026-04-17,DP012,84.1,88.9,61.2,91.8,0,96.4
2026-04-18,DP012,78.6,92.1,61.8,82.9,1,92.1
2026-04-19,DP012,86.7,89.0,58.6,76.6,0,88.8
2026-04-20,DP012,84.7,95.7,58.1,74.6,0,71.7
2026-04-21,DP012,75.1,84.9,57.2,71.6,2,74.0
2026-04-22,DP012,84.7,96.7,64.4,76.4,0,70.1
2026-04-23,DP012,80.5,89.5,65.8,72.2,0,81.1
2026-04-24,DP012,82.4,97.0,61.5,81.4,0,83.7
2026-04-25,DP012,87.4,91.3,56.7,96.9,0,99.9
2026-04-26,DP012,87.2,92.2,62.5,90.3,0,75.9
2026-04-27,DP012,87.2,90.7,65.7,84.4,0,86.1
2026-04-28,DP012,85.7,95.5,63.5,84.3,0,97.9
2026-04-29,DP012,86.0,91.6,65.1,78.2,0,100.4
2026-04-30,DP012,81.8,95.4,62.0,74.8,0,70.9
2026-01-01,DP013,82.8,97.4,78.7,75.8,0,97.8
2026-01-02,DP013,84.7,90.1,71.7,77.2,0,100.9
2026-01-03,DP013,87.6,95.9,73.8,91.6,0,78.9
2026-01-04,DP013,90.4,90.6,80.4,75.5,0,100.6
2026-01-05,DP013,85.8,95.3,72.8,80.7,0,96.1
2026-01-06,DP013,88.3,89.4,74.5,73.2,0,92.9
2026-01-07,DP013,83.7,94.9,74.0,73.9,0,95.3
2026-01-08,DP013,87.4,88.9,78.8,73.3,0,79.9
2026-01-09,DP013,83.2,89.4,74.3,77.6,0,93.2
2026-01-10,DP013,84.6,93.7,76.8,85.0,0,93.6
2026-01-11,DP013,87.5,96.9,80.8,72.3,0,79.1
2026-01-12,DP013,87.5,97.2,78.5,78.8,0,108.1
2026-01-13,DP013,83.8,91.4,73.1,85.9,0,95.9
2026-01-14,DP013,83.6,89.5,76.2,85.0,0,70.6
2026-01-15,DP013,86.8,91.4,80.7,96.1,0,93.1
2026-01-16,DP013,88.4,92.6,80.7,93.2,0,88.4
2026-01-17,DP013,85.2,93.4,74.8,73.6,0,105.3
2026-01-18,DP013,86.3,91.7,75.3,88.5,0,70.3
2026-01-19,DP013,84.3,93.0,78.9,88.3,0,101.5
2026-01-20,DP013,87.3,89.4,73.2,93.8,0,92.6
2026-01-21,DP013,80.0,87.9,74.1,69.4,1,105.7
2026-01-22,DP013,86.7,96.8,73.6,91.3,0,72.3
2026-01-23,DP013,85.6,92.5,74.5,73.1,0,91.7
2026-01-24,DP013,83.3,89.3,75.3,82.1,0,85.2
2026-01-25,DP013,87.4,88.8,73.5,89.5,1,106.4
2026-01-26,DP013,89.6,94.0,78.9,92.1,0,85.3
2026-01-27,DP013,87.4,88.2,73.4,90.9,1,89.0
2026-01-28,DP013,91.5,89.1,80.8,89.7,0,93.7
2026-01-29,DP013,84.2,88.2,74.8,79.7,1,91.1
2026-01-30,DP013,86.7,89.1,78.6,87.2,0,100.3
2026-01-31,DP013,91.5,92.0,77.2,82.5,0,105.5
2026-02-01,DP013,86.8,90.1,75.3,78.3,0,98.0
2026-02-02,DP013,88.9,97.7,77.0,75.0,0,84.5
2026-02-03,DP013,87.4,97.2,75.2,96.3,0,80.4
2026-02-04,DP013,85.9,94.8,74.3,76.5,0,100.3
2026-02-05,DP013,91.2,94.8,75.9,94.0,0,78.7
2026-02-06,DP013,83.7,95.4,82.0,77.0,0,86.3
2026-02-07,DP013,83.0,92.3,76.3,96.8,0,105.5
2026-02-08,DP013,85.8,95.6,74.6,89.4,0,88.3
2026-02-09,DP013,89.9,94.1,80.5,82.2,0,79.4
2026-02-10,DP013,89.0,97.7,76.8,80.4,0,72.6
2026-02-11,DP013,83.1,91.7,74.4,91.7,0,79.8
2026-02-12,DP013,84.5,95.1,79.7,95.8,0,107.7
2026-02-13,DP013,86.8,89.9,77.0,86.3,0,101.8
2026-02-14,DP013,85.6,90.3,77.7,72.6,0,107.1
2026-02-15,DP013,89.0,90.0,78.5,86.3,0,91.0
2026-02-16,DP013,88.1,90.6,79.0,84.3,0,79.7
2026-02-17,DP013,84.4,94.8,79.3,79.9,0,103.3
2026-02-18,DP013,87.7,89.4,84.0,73.0,0,74.2
2026-02-19,DP013,85.0,93.1,82.9,89.0,0,94.8
2026-02-20,DP013,83.7,93.0,76.6,93.8,0,75.1
2026-02-21,DP013,88.4,96.1,78.7,76.8,0,100.6
2026-02-22,DP013,83.5,93.3,77.6,74.7,0,102.9
2026-02-23,DP013,83.8,94.2,76.3,78.7,0,77.7
2026-02-24,DP013,83.8,96.8,76.3,87.8,0,107.4
2026-02-25,DP013,87.1,93.1,80.5,89.6,0,106.6
2026-02-26,DP013,83.7,93.5,79.9,89.2,0,89.7
2026-02-27,DP013,84.1,96.8,82.2,73.2,0,108.1
2026-02-28,DP013,87.7,96.2,76.2,72.5,0,82.4
2026-03-01,DP013,85.1,90.8,77.9,89.5,0,86.2
2026-03-02,DP013,88.5,92.6,80.2,87.9,0,103.7
2026-03-03,DP013,85.5,89.8,76.8,76.6,0,93.1
2026-03-04,DP013,84.0,96.6,77.7,78.8,0,105.5
2026-03-05,DP013,86.6,90.4,76.9,90.0,0,107.6
2026-03-06,DP013,81.2,91.4,77.8,74.5,1,107.0
2026-03-07,DP013,87.1,92.4,76.5,80.6,0,77.3
2026-03-08,DP013,89.6,90.2,77.3,93.0,0,93.1
2026-03-09,DP013,84.4,96.1,82.4,83.4,0,82.2
2026-03-10,DP013,79.7,91.0,85.1,73.6,1,76.3
2026-03-11,DP013,85.3,97.0,76.0,81.0,0,77.7
2026-03-12,DP013,87.5,91.0,77.5,95.8,0,90.6
2026-03-13,DP013,84.5,92.2,84.6,89.7,0,93.4
2026-03-14,DP013,82.6,94.1,79.8,78.4,0,103.6
2026-03-15,DP013,87.1,90.7,76.3,73.1,0,84.6
2026-03-16,DP013,86.4,96.0,79.9,90.4,0,71.1
2026-03-17,DP013,86.0,91.0,85.3,83.7,0,73.9
2026-03-18,DP013,87.3,93.4,80.6,81.4,0,104.6
2026-03-19,DP013,90.8,93.3,81.4,96.6,0,75.7
2026-03-20,DP013,91.4,96.5,85.2,86.7,0,81.9
2026-03-21,DP013,89.6,90.8,82.1,93.0,0,99.2
2026-03-22,DP013,87.4,88.3,80.9,73.9,1,92.4
2026-03-23,DP013,79.7,85.2,80.0,91.5,1,96.6
2026-03-24,DP013,89.2,91.5,83.5,73.0,0,77.1
2026-03-25,DP013,82.6,95.1,79.4,75.9,0,72.6
2026-03-26,DP013,83.3,85.8,81.3,77.2,1,79.0
2026-03-27,DP013,83.3,95.5,82.5,92.0,0,81.0
2026-03-28,DP013,85.3,91.8,87.0,90.8,0,82.3
2026-03-29,DP013,81.0,88.1,80.4,73.7,1,88.4
2026-03-30,DP013,88.8,94.3,82.3,93.3,0,105.1
2026-03-31,DP013,84.8,92.4,80.6,93.8,0,76.4
2026-04-01,DP013,85.5,91.7,80.5,87.4,0,93.4
2026-04-02,DP013,82.6,93.1,81.0,86.2,0,105.9
2026-04-03,DP013,86.6,93.2,87.6,91.4,0,103.6
2026-04-04,DP013,79.8,90.8,85.4,85.1,1,83.4
2026-04-05,DP013,86.0,93.6,78.0,95.6,0,97.1
2026-04-06,DP013,85.1,96.3,80.5,75.5,0,81.8
2026-04-07,DP013,87.6,91.3,83.7,93.3,0,108.1
2026-04-08,DP013,88.0,97.3,84.9,74.5,0,80.3
2026-04-09,DP013,86.2,90.6,83.9,74.2,0,102.9
2026-04-10,DP013,83.8,96.2,84.1,87.2,0,70.8
2026-04-11,DP013,80.6,86.0,83.7,76.3,1,94.0
2026-04-12,DP013,80.1,87.5,82.7,76.2,1,109.0
2026-04-13,DP013,83.0,90.7,86.4,76.8,0,108.4
2026-04-14,DP013,86.7,91.1,84.6,74.2,0,77.8
2026-04-15,DP013,86.1,92.4,83.0,88.0,1,102.6
2026-04-16,DP013,87.5,86.2,86.4,85.0,1,95.5
2026-04-17,DP013,86.3,95.2,87.8,84.5,0,82.8
2026-04-18,DP013,87.7,92.1,79.1,84.2,0,77.6
2026-04-19,DP013,89.2,89.8,86.7,75.7,0,95.0
2026-04-20,DP013,90.7,89.1,79.3,79.2,0,83.4
2026-04-21,DP013,83.3,91.2,79.3,83.9,0,103.5
2026-04-22,DP013,86.8,90.3,86.6,88.1,0,95.7
2026-04-23,DP013,89.0,94.5,86.1,75.5,0,105.9
2026-04-24,DP013,85.2,95.4,85.3,91.7,0,103.3
2026-04-25,DP013,87.9,90.6,89.4,95.0,0,73.2
2026-04-26,DP013,91.5,90.0,88.0,77.9,0,72.1
2026-04-27,DP013,87.1,94.7,81.9,77.8,0,104.5
2026-04-28,DP013,89.1,96.0,79.9,94.8,0,103.5
2026-04-29,DP013,88.6,89.7,86.9,88.0,0,70.4
2026-04-30,DP013,78.8,85.4,81.7,80.5,2,99.9
2026-01-01,DP014,88.4,79.5,70.7,83.0,0,78.8
2026-01-02,DP014,82.1,88.1,76.2,96.8,0,70.2
2026-01-03,DP014,85.5,86.2,74.6,78.9,0,100.6
2026-01-04,DP014,82.2,77.1,76.9,91.3,1,74.9
2026-01-05,DP014,86.1,83.1,74.3,93.9,0,77.5
2026-01-06,DP014,80.4,80.6,68.0,86.6,0,76.2
2026-01-07,DP014,87.8,84.3,69.1,90.5,0,92.0
2026-01-08,DP014,84.6,80.4,73.9,73.6,0,81.4
2026-01-09,DP014,83.3,81.4,71.1,75.2,0,83.3
2026-01-10,DP014,83.5,82.1,74.9,79.1,0,73.2
2026-01-11,DP014,84.6,83.9,71.3,91.2,0,91.7
2026-01-12,DP014,86.3,82.1,76.1,74.0,0,89.3
2026-01-13,DP014,84.4,87.8,70.6,92.9,0,80.3
2026-01-14,DP014,84.4,87.8,76.3,81.0,0,88.3
2026-01-15,DP014,84.7,84.5,73.7,83.9,0,97.9
2026-01-16,DP014,79.7,83.6,77.5,78.4,0,95.5
2026-01-17,DP014,86.8,88.3,77.8,93.3,0,103.4
2026-01-18,DP014,80.8,76.8,76.3,68.2,1,77.7
2026-01-19,DP014,88.2,85.1,78.1,85.3,0,73.5
2026-01-20,DP014,80.8,86.0,69.2,72.3,0,79.9
2026-01-21,DP014,85.0,86.5,74.3,96.8,0,73.4
2026-01-22,DP014,83.8,84.8,69.5,75.2,0,70.4
2026-01-23,DP014,85.4,88.2,78.9,77.3,0,90.0
2026-01-24,DP014,83.6,84.6,74.7,82.7,0,72.5
2026-01-25,DP014,82.5,75.7,74.9,83.2,1,104.3
2026-01-26,DP014,82.3,84.3,74.6,91.8,0,86.2
2026-01-27,DP014,83.0,81.0,76.1,85.3,0,70.4
2026-01-28,DP014,83.1,82.0,71.5,89.3,0,78.1
2026-01-29,DP014,88.2,84.6,75.0,83.0,0,89.2
2026-01-30,DP014,84.6,79.4,79.5,79.9,1,78.3
2026-01-31,DP014,83.1,85.6,71.1,87.3,0,74.7
2026-02-01,DP014,86.4,85.6,73.4,79.9,0,81.6
2026-02-02,DP014,85.8,86.2,78.0,80.7,0,91.0
2026-02-03,DP014,83.5,87.5,78.6,80.8,0,96.7
2026-02-04,DP014,84.1,86.8,76.7,75.0,0,95.9
2026-02-05,DP014,80.0,82.8,74.6,95.9,0,90.6
2026-02-06,DP014,84.5,81.0,73.3,93.5,0,101.2
2026-02-07,DP014,82.9,87.5,78.8,81.3,0,91.3
2026-02-08,DP014,88.1,81.8,73.1,78.6,0,91.4
2026-02-09,DP014,84.4,82.7,73.9,80.4,0,72.7
2026-02-10,DP014,79.6,76.4,75.3,80.8,1,79.8
2026-02-11,DP014,76.7,76.7,75.4,73.2,1,94.8
2026-02-12,DP014,87.4,81.1,79.1,78.2,0,87.2
2026-02-13,DP014,79.9,85.4,77.7,88.2,0,93.2
2026-02-14,DP014,88.7,88.3,72.7,93.2,0,78.4
2026-02-15,DP014,84.1,76.0,74.1,88.6,1,93.1
2026-02-16,DP014,82.0,83.5,71.2,80.1,1,106.1
2026-02-17,DP014,80.8,80.6,75.3,76.7,0,92.3
2026-02-18,DP014,81.1,86.4,71.5,95.3,0,92.2
2026-02-19,DP014,83.6,82.2,80.2,83.1,1,72.5
2026-02-20,DP014,82.9,84.4,74.1,88.7,0,75.2
2026-02-21,DP014,81.0,80.1,77.7,71.8,1,71.2
2026-02-22,DP014,84.1,81.8,75.8,92.5,0,78.7
2026-02-23,DP014,87.2,79.8,79.5,76.9,0,91.3
2026-02-24,DP014,83.9,87.0,78.3,93.8,0,77.7
2026-02-25,DP014,84.2,82.5,75.2,91.5,1,106.4
2026-02-26,DP014,88.1,81.2,77.9,72.5,0,92.0
2026-02-27,DP014,82.8,81.9,77.2,93.9,0,80.8
2026-02-28,DP014,86.7,80.9,80.3,88.6,0,90.9
2026-03-01,DP014,86.0,85.5,76.4,81.3,0,89.8
2026-03-02,DP014,81.6,82.5,76.7,94.3,0,80.8
2026-03-03,DP014,82.1,86.8,72.2,92.4,0,73.8
2026-03-04,DP014,79.3,81.1,80.3,75.2,1,81.5
2026-03-05,DP014,83.1,86.7,79.1,88.5,0,104.2
2026-03-06,DP014,82.0,85.7,81.7,80.8,0,99.0
2026-03-07,DP014,85.8,79.6,78.1,90.0,0,77.5
2026-03-08,DP014,82.5,83.1,76.5,82.0,0,72.4
2026-03-09,DP014,85.9,86.1,80.8,85.3,0,87.2
2026-03-10,DP014,81.3,81.4,73.8,95.9,0,85.4
2026-03-11,DP014,84.4,84.2,82.3,96.7,0,70.8
2026-03-12,DP014,85.1,88.1,79.2,86.9,0,96.4
2026-03-13,DP014,87.1,88.2,75.0,93.9,0,72.3
2026-03-14,DP014,86.9,83.1,77.5,95.7,0,100.5
2026-03-15,DP014,83.9,88.2,82.7,96.4,0,107.9
2026-03-16,DP014,88.0,87.0,75.0,77.2,0,106.2
2026-03-17,DP014,80.5,82.7,74.2,94.4,0,70.5
2026-03-18,DP014,80.8,84.0,78.1,88.8,0,79.9
2026-03-19,DP014,87.0,83.1,78.0,78.1,0,88.2
2026-03-20,DP014,80.8,85.9,81.1,77.0,0,92.7
2026-03-21,DP014,77.6,75.9,76.3,85.9,1,93.8
2026-03-22,DP014,80.7,86.0,80.0,95.3,0,72.3
2026-03-23,DP014,84.5,79.9,79.2,83.8,0,82.0
2026-03-24,DP014,85.1,81.6,77.0,78.4,0,101.6
2026-03-25,DP014,80.0,81.1,77.6,92.3,1,79.1
2026-03-26,DP014,77.2,79.6,75.3,87.7,1,96.1
2026-03-27,DP014,83.2,85.1,74.5,76.1,0,78.2
2026-03-28,DP014,85.2,87.0,78.7,74.1,0,108.1
2026-03-29,DP014,84.6,80.1,75.1,85.6,0,74.3
2026-03-30,DP014,83.5,81.6,75.6,89.7,0,86.7
2026-03-31,DP014,84.2,82.3,81.8,85.3,0,108.5
2026-04-01,DP014,86.8,80.4,77.3,78.4,0,101.3
2026-04-02,DP014,88.3,86.2,83.2,76.3,0,99.8
2026-04-03,DP014,83.0,81.3,82.1,81.6,0,94.1
2026-04-04,DP014,85.8,84.6,83.2,89.0,0,99.1
2026-04-05,DP014,83.3,85.1,80.2,76.3,0,82.2
2026-04-06,DP014,84.7,82.2,76.5,72.9,0,90.8
2026-04-07,DP014,85.0,84.3,84.8,94.3,0,101.8
2026-04-08,DP014,82.2,84.2,78.4,72.5,0,102.5
2026-04-09,DP014,83.9,81.8,80.7,74.0,0,70.1
2026-04-10,DP014,81.2,83.2,75.2,94.1,0,91.1
2026-04-11,DP014,86.0,86.5,84.8,81.5,0,100.5
2026-04-12,DP014,82.1,84.1,76.6,93.0,0,96.1
2026-04-13,DP014,87.0,85.3,80.1,95.6,0,79.9
2026-04-14,DP014,85.2,82.1,84.4,76.1,0,103.9
2026-04-15,DP014,85.9,79.8,84.1,85.8,0,89.5
2026-04-16,DP014,84.3,86.0,77.5,76.9,0,104.7
2026-04-17,DP014,80.6,84.8,83.9,84.5,0,95.7
2026-04-18,DP014,82.2,80.3,83.6,76.4,0,106.0
2026-04-19,DP014,88.6,82.1,81.0,87.9,0,74.5
2026-04-20,DP014,83.2,81.8,79.7,91.7,0,79.0
2026-04-21,DP014,83.1,84.5,77.1,86.3,0,79.5
2026-04-22,DP014,80.1,81.1,82.8,83.6,0,86.1
2026-04-23,DP014,84.6,84.2,86.0,87.2,0,75.6
2026-04-24,DP014,84.6,81.9,79.3,74.4,0,73.3
2026-04-25,DP014,86.1,82.4,85.1,91.8,0,78.5
2026-04-26,DP014,80.2,79.9,79.5,74.5,0,93.8
2026-04-27,DP014,80.7,75.2,85.7,77.9,1,77.1
2026-04-28,DP014,80.3,87.4,79.5,94.9,0,86.1
2026-04-29,DP014,80.1,85.4,82.5,80.6,0,101.6
2026-04-30,DP014,85.3,81.6,80.4,79.0,0,104.9
2026-01-01,DP015,88.3,85.4,79.3,73.2,0,78.6
2026-01-02,DP015,85.5,91.2,71.3,72.7,0,70.3
2026-01-03,DP015,87.6,83.2,80.1,82.6,0,86.5
2026-01-04,DP015,89.2,89.0,71.5,91.1,0,86.9
2026-01-05,DP015,83.5,83.7,71.8,90.6,1,87.8
2026-01-06,DP015,88.9,91.4,79.0,73.1,0,97.2
2026-01-07,DP015,87.9,86.7,71.3,82.8,1,94.0
2026-01-08,DP015,84.8,84.4,78.3,83.2,0,69.6
2026-01-09,DP015,85.3,86.1,72.5,91.6,0,85.8
2026-01-10,DP015,86.2,85.0,80.5,76.3,0,94.2
2026-01-11,DP015,85.2,87.6,73.1,79.4,0,81.4
2026-01-12,DP015,81.8,85.8,76.3,86.7,1,71.7
2026-01-13,DP015,87.9,91.1,74.3,73.3,0,81.5
2026-01-14,DP015,83.9,83.4,80.7,74.0,0,97.5
2026-01-15,DP015,91.3,87.1,75.7,82.7,0,97.2
2026-01-16,DP015,84.9,82.6,77.0,93.0,0,81.2
2026-01-17,DP015,88.0,82.9,76.1,91.6,0,75.2
2026-01-18,DP015,84.3,88.5,77.6,95.1,0,102.9
2026-01-19,DP015,89.3,88.6,80.1,85.1,0,102.2
2026-01-20,DP015,86.6,90.2,79.1,87.7,0,84.2
2026-01-21,DP015,90.3,83.1,72.0,74.9,0,82.3
2026-01-22,DP015,84.1,90.3,76.9,86.5,0,104.7
2026-01-23,DP015,84.7,84.4,73.6,77.7,0,86.4
2026-01-24,DP015,89.3,91.0,73.9,95.0,0,71.9
2026-01-25,DP015,90.3,84.1,81.4,72.7,0,95.2
2026-01-26,DP015,86.8,86.8,74.9,96.8,0,74.6
2026-01-27,DP015,90.7,84.6,77.9,75.4,0,103.9
2026-01-28,DP015,87.2,84.7,81.9,88.9,0,104.2
2026-01-29,DP015,83.7,87.3,75.4,95.5,0,76.7
2026-01-30,DP015,87.4,86.7,78.1,79.2,0,104.1
2026-01-31,DP015,91.2,86.2,75.4,89.5,0,101.0
2026-02-01,DP015,86.7,86.9,78.4,72.4,0,91.5
2026-02-02,DP015,91.4,86.5,80.4,72.5,0,100.2
2026-02-03,DP015,84.2,84.6,77.8,78.7,0,68.0
2026-02-04,DP015,90.9,87.6,74.0,77.8,0,90.7
2026-02-05,DP015,87.7,87.6,74.8,82.3,0,102.8
2026-02-06,DP015,85.6,86.0,78.6,95.1,0,75.8
2026-02-07,DP015,84.6,91.0,82.7,95.5,0,92.4
2026-02-08,DP015,86.9,90.8,76.5,86.0,0,83.1
2026-02-09,DP015,83.4,84.4,80.1,93.6,0,68.0
2026-02-10,DP015,80.3,81.3,74.0,84.5,1,87.6
2026-02-11,DP015,91.5,88.5,81.6,79.7,0,76.7
2026-02-12,DP015,86.9,83.9,74.3,82.4,0,81.2
2026-02-13,DP015,84.1,84.0,83.6,95.4,0,72.6
2026-02-14,DP015,90.1,85.7,77.9,77.1,0,84.6
2026-02-15,DP015,84.3,87.6,81.8,72.5,0,98.1
2026-02-16,DP015,83.5,86.0,77.7,91.8,0,94.2
2026-02-17,DP015,88.6,83.9,76.5,80.3,0,70.4
2026-02-18,DP015,84.1,88.1,77.7,78.9,0,84.5
2026-02-19,DP015,91.5,87.3,74.6,74.1,0,74.8
2026-02-20,DP015,87.5,84.1,79.6,76.3,0,68.0
2026-02-21,DP015,90.9,86.2,76.8,76.3,0,104.3
2026-02-22,DP015,86.8,86.4,82.9,90.5,0,97.2
2026-02-23,DP015,85.6,84.3,75.1,93.5,0,95.7
2026-02-24,DP015,87.1,85.0,81.9,86.7,0,99.4
2026-02-25,DP015,86.5,84.5,76.6,95.5,0,70.4
2026-02-26,DP015,89.8,86.9,83.3,79.1,0,89.1
2026-02-27,DP015,86.7,82.5,75.0,77.2,0,75.8
2026-02-28,DP015,90.6,83.9,84.4,93.5,0,83.5
2026-03-01,DP015,85.8,88.0,77.3,90.4,0,86.3
2026-03-02,DP015,85.8,88.1,84.5,95.2,0,68.6
2026-03-03,DP015,85.4,91.2,82.7,75.5,0,68.3
2026-03-04,DP015,86.4,87.1,81.8,93.8,0,89.3
2026-03-05,DP015,87.6,84.9,80.2,68.7,1,101.4
2026-03-06,DP015,91.4,88.5,85.2,78.1,0,73.4
2026-03-07,DP015,87.9,83.7,81.4,78.3,0,104.2
2026-03-08,DP015,90.3,83.5,84.5,84.9,0,103.1
2026-03-09,DP015,90.1,86.9,77.9,76.1,0,78.2
2026-03-10,DP015,87.5,86.2,79.4,74.2,0,70.1
2026-03-11,DP015,86.2,85.9,84.1,83.4,0,91.2
2026-03-12,DP015,90.5,87.2,79.8,82.2,0,87.7
2026-03-13,DP015,90.6,90.1,77.6,76.8,0,69.7
2026-03-14,DP015,89.3,91.2,83.9,75.3,0,85.4
2026-03-15,DP015,90.5,89.2,78.2,92.3,0,101.7
2026-03-16,DP015,90.8,85.6,82.7,92.6,0,78.5
2026-03-17,DP015,87.6,91.4,78.7,77.0,0,102.9
2026-03-18,DP015,85.7,87.4,79.6,80.1,0,94.0
2026-03-19,DP015,91.7,87.9,77.4,76.4,0,96.6
2026-03-20,DP015,91.2,83.8,77.0,76.7,0,71.0
2026-03-21,DP015,89.6,89.0,83.4,88.5,0,83.3
2026-03-22,DP015,84.1,89.4,77.1,95.5,0,98.3
2026-03-23,DP015,87.0,83.7,82.2,76.7,0,71.2
2026-03-24,DP015,85.3,91.0,84.4,83.3,0,96.7
2026-03-25,DP015,91.0,90.7,79.5,76.5,0,94.1
2026-03-26,DP015,83.0,91.5,81.0,90.4,0,73.0
2026-03-27,DP015,83.4,91.2,82.8,78.8,0,83.2
2026-03-28,DP015,84.5,88.0,78.1,73.6,0,85.8
2026-03-29,DP015,83.4,87.8,77.9,90.8,0,94.6
2026-03-30,DP015,86.9,89.7,87.1,96.8,0,89.9
2026-03-31,DP015,83.5,87.0,83.7,95.5,0,98.0
2026-04-01,DP015,88.9,90.1,81.1,81.9,0,74.4
2026-04-02,DP015,88.0,86.5,85.6,93.9,0,91.2
2026-04-03,DP015,82.5,86.5,81.6,87.6,1,72.7
2026-04-04,DP015,82.7,91.2,81.3,87.8,0,76.4
2026-04-05,DP015,85.0,86.9,79.8,76.0,0,78.5
2026-04-06,DP015,91.7,86.2,83.8,89.1,0,94.9
2026-04-07,DP015,82.8,90.8,87.5,82.8,0,98.6
2026-04-08,DP015,85.0,83.5,81.7,96.5,0,86.9
2026-04-09,DP015,85.3,83.6,83.9,96.3,0,82.3
2026-04-10,DP015,86.6,91.0,87.9,88.4,0,79.7
2026-04-11,DP015,86.7,89.5,84.9,95.0,0,86.1
2026-04-12,DP015,90.2,91.3,83.2,87.5,0,77.8
2026-04-13,DP015,83.2,88.7,87.9,80.8,0,104.4
2026-04-14,DP015,90.0,87.5,86.6,74.9,0,98.6
2026-04-15,DP015,86.6,87.8,83.9,87.4,0,94.6
2026-04-16,DP015,86.6,82.5,83.4,78.4,0,99.4
2026-04-17,DP015,86.3,90.5,79.9,87.3,0,72.5
2026-04-18,DP015,87.0,87.1,82.6,94.7,0,68.1
2026-04-19,DP015,86.5,89.4,81.5,85.9,0,91.0
2026-04-20,DP015,85.2,83.7,86.7,88.6,1,80.4
2026-04-21,DP015,86.5,85.8,83.0,74.6,1,95.4
2026-04-22,DP015,86.9,83.3,88.2,93.7,0,84.9
2026-04-23,DP015,84.2,84.5,85.4,82.0,0,71.4
2026-04-24,DP015,86.7,88.4,83.4,92.7,0,95.5
2026-04-25,DP015,87.9,83.1,88.8,79.9,0,100.2
2026-04-26,DP015,89.5,83.8,80.2,95.2,0,104.1
2026-04-27,DP015,88.3,87.8,81.4,86.9,0,104.9
2026-04-28,DP015,84.5,91.4,88.5,81.8,0,72.1
2026-04-29,DP015,85.8,83.9,84.6,75.6,0,83.5
2026-04-30,DP015,83.2,89.8,83.3,81.5,0,79.7
2026-01-01,DP016,84.0,89.5,81.4,73.4,0,82.9
2026-01-02,DP016,77.5,86.3,82.3,83.3,0,82.0
2026-01-03,DP016,85.4,81.6,80.9,82.4,0,83.7
2026-01-04,DP016,79.5,89.2,79.7,73.2,0,93.3
2026-01-05,DP016,84.1,83.4,82.5,96.7,0,79.2
2026-01-06,DP016,80.8,87.9,86.4,75.4,0,101.0
2026-01-07,DP016,82.2,88.2,84.8,95.9,0,94.3
2026-01-08,DP016,78.4,82.1,78.7,88.3,1,93.9
2026-01-09,DP016,77.7,85.2,85.0,78.7,0,86.1
2026-01-10,DP016,79.7,81.4,84.6,74.3,0,85.7
2026-01-11,DP016,77.6,82.6,85.5,75.4,0,102.1
2026-01-12,DP016,83.0,81.8,84.9,76.5,0,70.2
2026-01-13,DP016,74.5,83.0,80.6,89.7,1,83.2
2026-01-14,DP016,82.3,78.0,87.0,89.0,1,75.0
2026-01-15,DP016,81.0,81.7,82.9,89.6,0,76.8
2026-01-16,DP016,77.9,82.2,79.3,82.2,0,102.4
2026-01-17,DP016,82.6,83.8,82.2,80.4,1,70.6
2026-01-18,DP016,77.7,87.1,84.5,87.0,0,80.9
2026-01-19,DP016,79.3,81.3,79.4,90.8,0,83.7
2026-01-20,DP016,85.5,85.5,89.0,77.7,0,75.7
2026-01-21,DP016,84.5,85.5,80.4,83.0,0,106.6
2026-01-22,DP016,79.9,90.0,87.8,96.8,0,72.5
2026-01-23,DP016,75.9,81.9,89.3,84.6,1,71.2
2026-01-24,DP016,78.7,82.2,79.8,72.0,0,99.0
2026-01-25,DP016,83.1,83.1,85.7,75.9,0,90.7
2026-01-26,DP016,77.7,85.7,84.8,95.0,0,103.1
2026-01-27,DP016,81.2,88.7,83.2,73.9,0,108.3
2026-01-28,DP016,80.7,82.3,83.0,93.8,0,85.2
2026-01-29,DP016,77.2,86.2,85.2,92.7,0,76.2
2026-01-30,DP016,84.2,87.4,80.4,76.4,0,90.1
2026-01-31,DP016,74.1,77.3,85.1,79.0,1,83.5
2026-02-01,DP016,83.2,84.3,82.1,96.9,0,83.2
2026-02-02,DP016,83.8,86.5,83.5,81.6,0,76.8
2026-02-03,DP016,84.4,82.5,83.0,78.4,0,76.7
2026-02-04,DP016,83.0,86.5,80.3,87.4,0,85.9
2026-02-05,DP016,81.2,82.8,87.7,75.4,0,83.1
2026-02-06,DP016,85.6,82.8,87.2,86.2,0,70.3
2026-02-07,DP016,79.6,89.6,85.2,73.8,0,93.9
2026-02-08,DP016,79.4,87.1,80.7,82.7,0,82.3
2026-02-09,DP016,82.8,88.2,87.2,87.2,0,85.4
2026-02-10,DP016,84.4,84.5,85.9,81.8,0,93.3
2026-02-11,DP016,81.9,82.3,83.8,75.2,0,106.6
2026-02-12,DP016,79.0,82.5,88.7,94.1,0,88.3
2026-02-13,DP016,81.1,81.3,86.9,81.2,0,89.1
2026-02-14,DP016,76.8,81.8,88.3,81.2,1,94.6
2026-02-15,DP016,81.0,88.1,81.4,85.9,0,90.3
2026-02-16,DP016,82.3,89.8,89.6,95.5,0,89.5
2026-02-17,DP016,74.4,84.5,84.8,74.9,1,98.3
2026-02-18,DP016,79.0,82.7,82.6,90.9,0,77.8
2026-02-19,DP016,77.8,86.5,91.1,88.0,0,70.7
2026-02-20,DP016,83.4,84.6,83.2,88.0,0,100.4
2026-02-21,DP016,78.3,85.8,83.1,87.7,0,79.7
2026-02-22,DP016,82.4,86.3,90.0,73.1,0,84.6
2026-02-23,DP016,80.6,82.6,89.2,77.9,0,91.6
2026-02-24,DP016,79.4,87.8,83.0,77.1,0,82.1
2026-02-25,DP016,85.0,81.8,89.3,78.5,0,80.4
2026-02-26,DP016,79.2,85.9,84.6,77.5,0,91.4
2026-02-27,DP016,82.1,88.2,91.4,84.5,0,77.7
2026-02-28,DP016,84.3,90.0,87.8,80.1,0,81.9
2026-03-01,DP016,81.1,85.6,92.1,76.0,0,103.4
2026-03-02,DP016,78.1,87.0,91.9,84.5,0,99.5
2026-03-03,DP016,81.4,82.7,89.0,96.9,0,90.5
2026-03-04,DP016,85.3,83.6,83.1,77.9,0,97.0
2026-03-05,DP016,78.9,84.5,91.5,73.0,0,105.6
2026-03-06,DP016,78.5,84.4,88.9,87.8,1,103.2
2026-03-07,DP016,85.7,81.8,89.7,82.8,0,97.8
2026-03-08,DP016,84.4,84.2,91.4,79.5,0,91.2
2026-03-09,DP016,82.1,82.6,88.8,96.8,0,104.7
2026-03-10,DP016,78.2,82.8,88.5,74.2,0,81.7
2026-03-11,DP016,83.2,84.6,85.2,76.7,0,99.9
2026-03-12,DP016,79.7,83.1,83.6,76.9,0,77.2
2026-03-13,DP016,75.2,85.4,88.1,72.5,1,78.3
2026-03-14,DP016,78.5,84.1,84.0,77.4,0,94.1
2026-03-15,DP016,85.2,87.5,90.0,90.8,0,70.6
2026-03-16,DP016,82.1,89.9,87.7,74.4,0,78.0
2026-03-17,DP016,84.7,85.0,84.6,92.5,0,89.7
2026-03-18,DP016,77.2,82.2,88.5,88.3,0,97.5
2026-03-19,DP016,76.0,77.5,84.5,79.1,1,98.9
2026-03-20,DP016,85.4,89.1,93.2,89.0,0,74.7
2026-03-21,DP016,82.9,83.4,85.2,79.1,0,88.3
2026-03-22,DP016,81.3,84.4,88.3,76.0,0,104.6
2026-03-23,DP016,79.7,88.7,92.9,92.4,0,91.1
2026-03-24,DP016,83.4,87.4,88.1,85.0,0,99.2
2026-03-25,DP016,83.4,86.6,94.0,78.4,0,89.5
2026-03-26,DP016,85.5,87.3,91.3,88.9,0,82.4
2026-03-27,DP016,78.9,77.1,89.2,71.4,1,86.1
2026-03-28,DP016,82.2,88.3,84.6,76.6,0,85.2
2026-03-29,DP016,83.4,88.7,92.4,72.3,0,99.3
2026-03-30,DP016,82.0,82.5,86.6,93.3,0,101.7
2026-03-31,DP016,74.3,82.1,87.5,70.5,1,92.9
2026-04-01,DP016,83.4,86.7,93.1,73.0,0,71.6
2026-04-02,DP016,75.0,81.4,90.5,80.6,1,107.2
2026-04-03,DP016,84.2,85.4,93.0,87.2,0,104.9
2026-04-04,DP016,85.7,86.4,92.8,79.1,0,93.6
2026-04-05,DP016,85.0,86.2,87.7,82.1,0,85.4
2026-04-06,DP016,85.6,87.8,91.1,92.4,0,82.2
2026-04-07,DP016,77.4,82.5,85.6,78.4,0,72.8
2026-04-08,DP016,83.1,85.8,92.1,79.8,0,103.9
2026-04-09,DP016,81.4,86.2,87.4,85.7,0,85.2
2026-04-10,DP016,82.7,85.2,88.8,85.9,0,108.2
2026-04-11,DP016,81.4,87.9,91.6,92.5,0,99.5
2026-04-12,DP016,83.4,84.4,94.3,91.3,0,75.5
2026-04-13,DP016,79.2,72.7,87.0,67.0,2,96.7
2026-04-14,DP016,74.7,83.6,88.4,82.5,1,94.5
2026-04-15,DP016,78.0,82.5,92.7,82.6,0,79.0
2026-04-16,DP016,80.4,87.4,87.9,83.5,0,85.1
2026-04-17,DP016,83.7,84.4,94.4,90.5,0,73.0
2026-04-18,DP016,84.3,81.9,91.2,78.4,0,76.0
2026-04-19,DP016,83.5,89.2,86.9,86.0,0,92.1
2026-04-20,DP016,75.0,78.7,91.9,89.5,1,85.9
2026-04-21,DP016,80.2,78.8,87.6,82.2,1,84.6
2026-04-22,DP016,81.3,82.1,91.9,87.5,1,96.5
2026-04-23,DP016,76.8,81.9,88.4,87.0,1,74.8
2026-04-24,DP016,80.8,79.4,91.0,82.6,1,71.3
2026-04-25,DP016,81.4,90.1,88.2,95.1,0,84.5
2026-04-26,DP016,80.8,87.5,92.0,76.9,0,107.0
2026-04-27,DP016,85.6,89.7,93.9,75.5,0,97.7
2026-04-28,DP016,80.9,84.9,87.6,72.4,0,76.1
2026-04-29,DP016,77.1,86.7,93.9,88.6,0,76.5
2026-04-30,DP016,84.3,85.9,90.7,86.9,0,70.3
